isloate;A;C;G;T
100;-0.0018;0.002;0.0008;-0.0003
100;0.0;-0.0025;0.0003;0.0029
100;0.0018;0.0001;-0.0014;0.0002
100;0.0006;0.0001;-0.0007;0.0007
100;0.0;0.0;0.0001;0.0006
100;0.0001;0.0;0.0001;0.0005
100;0.0002;0.0;0.0002;0.0003
100;-0.386;0.0;0.3866;0.0001
100;0.0002;-0.0019;0.0001;0.0023
100;0.0002;0.0006;0.0;0.0
100;-0.0005;0.0;0.0012;0.0
100;0.0002;0.0001;0.0;0.0005
100;0.0;0.0044;-0.0037;0.0
100;0.0007;0.0;0.0;0.0
100;0.0;0.0003;0.0;0.0004
100;0.0;0.0163;0.0;-0.0156
100;0.003;0.0;-0.0024;0.0001
100;0.0239;0.0005;-0.024;0.0003
100;0.0001;0.0005;0.0001;0.0
100;0.0001;0.0057;0.0;-0.0051
100;-0.1526;0.0;0.1533;0.0
101;-0.0015;0.0017;0.0008;0.0
101;0.0001;-0.0008;0.0003;0.0014
101;0.0016;0.0003;-0.0013;0.0003
101;-0.0001;0.0005;0.0;0.0006
101;0.0001;0.0;0.0001;0.0008
101;0.0001;0.0011;0.0;-0.0002
101;0.0004;0.0005;0.0002;-0.0001
101;-0.5272;0.0001;0.5279;0.0001
101;0.0002;0.0008;0.0;0.0
101;0.0;0.0009;0.0001;0.0
101;-0.0004;0.0;0.0011;0.0003
101;0.0001;0.0007;0.0;0.0001
101;0.1758;0.0043;-0.1796;0.0005
101;0.001;0.0;0.0;0.0
101;0.0003;-0.0004;0.0;0.0011
101;0.0002;-0.1529;0.0001;0.1536
101;0.0009;0.0001;-0.0003;0.0002
101;0.0337;0.0004;-0.0334;0.0004
101;0.0;-0.0007;0.0009;0.0008
101;0.0008;-0.0003;0.0003;0.0002
101;0.1189;0.0005;-0.1185;0.0002
102;-0.0025;0.0011;0.0035;-0.0014
102;0.0004;-0.002;0.0001;0.0022
102;0.1013;0.0005;-0.1012;0.0001
102;-0.0005;0.0001;0.0002;0.0009
102;0.0001;-0.0957;0.0;0.0963
102;0.0002;0.0998;0.0002;-0.0995
102;0.0007;0.0;0.0;0.0
102;-0.5963;0.0002;0.5968;0.0
102;0.0002;-0.0005;0.0002;0.0008
102;0.0;0.0004;0.0;0.0003
102;-0.0006;0.0;0.0013;0.0
102;0.0;0.0003;0.0002;0.0002
102;0.1144;0.0016;-0.1155;0.0002
102;0.0006;0.0;0.0;0.0001
102;0.0001;-0.0004;0.0001;0.0009
102;0.0;-0.0445;0.0002;0.045
102;0.001;0.0;-0.0005;0.0001
102;0.0002;0.0001;0.0;0.0003
102;0.0;-0.0968;0.0005;0.0969
102;0.0005;0.0002;0.0;0.0
102;0.0856;0.0003;-0.0851;0.0
103;-0.0001;0.0018;0.0012;-0.0022
103;0.0002;0.0;0.0002;0.0003
103;0.0602;0.0002;-0.0598;0.0001
103;-0.0007;0.0007;0.0001;0.0006
103;0.0003;-0.0591;0.0001;0.0594
103;0.0;0.0601;0.0002;-0.0596
103;0.0004;0.001;0.0;-0.0007
103;-0.5152;0.0;0.5158;0.0001
103;0.0001;-0.0;0.0001;0.0005
103;0.0;0.0004;0.0;0.0003
103;-0.0001;0.0;0.0008;0.0
103;0.0002;-0.0003;0.0002;0.0007
103;0.0512;0.0028;-0.0533;0.0
103;0.0007;0.0;0.0;0.0
103;0.0001;0.0;0.0;0.0006
103;0.0;-0.0208;0.0002;0.0213
103;0.0007;0.0;-0.0002;0.0002
103;0.0242;0.0;-0.0238;0.0002
103;0.0;-0.0574;0.0006;0.0575
103;0.0004;0.0002;0.0001;0.0
103;0.0006;0.0;0.0;0.0001
104;-0.001;0.0002;0.0011;0.0
104;0.0;-0.0021;0.0003;0.0021
104;0.001;0.0002;-0.001;0.0001
104;-0.0012;0.0006;-0.0002;0.0011
104;0.0;-0.0022;0.0;0.0025
104;0.0;0.0021;0.0;-0.0017
104;0.0005;-0.0025;0.0;0.0023
104;0.0003;0.0;0.0;0.0
104;0.0;0.0;0.0;0.0003
104;0.0;0.0003;0.0;0.0
104;-0.0006;0.0;0.0008;0.0001
104;0.0;0.0;0.0;0.0003
104;0.0001;0.0002;0.0;0.0
104;0.0002;0.0;0.0002;0.0
104;0.0003;-0.0007;0.0001;0.0006
104;0.0;-0.0003;0.0001;0.0005
104;0.0002;0.0;0.0001;0.0
104;0.0006;0.0007;-0.001;0.0
104;0.0;0.0061;0.0002;-0.0059
104;0.0007;0.0005;0.0002;-0.0011
104;0.0012;0.0;-0.0009;0.0
105;-0.002;0.0004;0.0009;0.0008
105;0.0001;-0.002;0.0002;0.0018
105;0.0018;0.0004;-0.0021;0.0
105;-0.0019;0.0002;0.0011;0.0007
105;0.0001;0.0;0.0002;-0.0002
105;0.0;-0.0009;0.0002;0.0008
105;0.0006;-0.0014;0.0;0.0009
105;-0.0363;0.0002;0.0362;0.0
105;0.0002;-0.0044;0.0002;0.0041
105;0.0;0.0001;0.0;0.0
105;-0.0012;0.0001;0.0011;0.0
105;0.0;-0.0006;0.0001;0.0006
105;0.0;0.0003;-0.0002;0.0
105;0.0001;0.0;0.0;0.0
105;0.0;0.0;0.0;0.0001
105;0.0002;0.0007;0.0001;-0.0009
105;0.001;0.0001;-0.001;0.0
105;-0.0028;0.0001;0.0025;0.0003
105;0.0;-0.0011;0.0006;0.0006
105;0.0009;0.0006;0.0003;-0.0018
105;0.0001;0.0;0.0;0.0
106;-0.0024;0.0005;0.0013;0.0013
106;0.0002;0.0005;0.0;0.0
106;0.001;0.0003;-0.0009;0.0003
106;0.0012;0.0007;-0.0031;0.0019
106;0.0001;-0.0033;0.0002;0.0036
106;0.0;-0.0006;0.0;0.0013
106;0.0001;0.0017;0.0001;-0.0013
106;-0.0005;0.0;0.0012;0.0
106;0.0;-0.0007;0.0004;0.001
106;0.0;0.0004;0.0001;0.0002
106;-0.001;0.0001;0.0016;0.0
106;0.0;-0.0001;0.0002;0.0005
106;0.0005;0.0001;0.0;0.0001
106;0.0005;0.0002;0.0;0.0
106;0.0001;0.0003;0.0;0.0003
106;0.0;0.0006;0.0001;0.0
106;0.0013;0.0;-0.0006;0.0
106;-0.0023;0.0;0.0023;0.0007
106;0.0001;0.0026;0.0005;-0.0025
106;0.0042;-0.0004;0.0333;-0.0365
106;0.0;0.0;0.0004;0.0003
107;0.0;0.0004;0.0016;-0.0016
107;0.0002;-0.0032;0.0002;0.0032
107;0.0;0.0001;0.0;0.0002
107;-0.0027;0.0003;0.0017;0.0011
107;0.0;-0.0003;0.0;0.0006
107;0.0001;0.0279;0.0;-0.0276
107;0.0002;-0.0246;0.0;0.0247
107;-0.0006;0.0;0.0009;0.0
107;0.0001;-0.0275;0.0004;0.0274
107;0.0003;0.0;0.0;0.0
107;-0.001;0.0;0.0013;0.0
107;0.0;0.0001;0.0;0.0003
107;0.0;0.0045;-0.0043;0.0001
107;-0.0463;0.0001;0.0465;0.0001
107;0.0;-0.0004;0.0;0.0007
107;0.0;0.0003;0.0;0.0001
107;0.0002;0.0001;-0.0002;0.0002
107;0.0076;0.0;-0.0072;0.0
107;0.0;-0.0484;0.0002;0.0486
107;0.0024;0.0267;0.0331;-0.0619
107;0.0261;0.0;-0.026;0.0002
108;0.0002;0.0003;0.0004;-0.0001
108;0.0;0.0;0.0;0.0008
108;0.0;0.0;0.0008;0.0
108;-0.0004;0.0008;-0.0;0.0005
108;0.0001;-0.0009;0.0003;0.0013
108;0.0;-0.0052;0.0002;0.0058
108;0.0004;0.0;0.0;0.0004
108;-0.0016;0.0;0.0024;0.0
108;0.0002;0.0054;0.0002;-0.005
108;0.0;-0.8729;0.0;0.8737
108;-0.0003;0.0;0.0009;0.0002
108;0.0;0.0004;0.0002;0.0003
108;0.0;0.0006;-0.0001;0.0004
108;-0.923;0.0;0.9239;0.0
108;0.0;0.0001;0.0001;0.0006
108;0.0002;0.0006;0.0;0.0
108;0.0014;0.0;-0.0005;0.0
108;-0.0218;0.0002;0.0224;0.0
108;0.0;0.0047;0.0004;-0.0042
108;0.0005;0.0442;0.0019;-0.0458
108;-0.9185;0.0001;0.9191;0.0001
109;-0.0006;0.0004;0.0009;-0.0001
109;0.0;-0.0019;0.0;0.0025
109;0.0022;0.0001;-0.0017;0.0001
109;0.0;0.0006;-0.0006;0.0006
109;0.0;0.0;0.0;0.0006
109;0.0002;-0.0012;0.0001;0.0015
109;0.0006;-0.0003;0.0003;0.0
109;-0.1705;0.0;0.1711;0.0
109;0.0;0.0036;0.0;-0.0029
109;0.0001;0.0005;0.0;0.0
109;-0.0014;0.0001;0.0018;0.0001
109;0.0001;0.0;0.0;0.0005
109;0.0005;0.0001;0.0;0.0
109;0.0005;0.0001;0.0;0.0
109;0.0;-0.0003;0.0001;0.0008
109;0.0001;-0.1034;0.0;0.1039
109;0.0006;0.0;0.0;0.0
109;-0.6014;0.0;0.601;0.001
109;0.0003;0.07;0.0001;-0.0698
109;0.0004;0.0037;0.0001;-0.0037
109;-0.5938;0.0;0.5943;0.0001
110;-0.0007;0.0013;0.0001;0.0
110;0.0001;-0.0035;0.0006;0.0035
110;0.0002;0.0002;0.0;0.0003
110;-0.0016;0.0006;0.0013;0.0004
110;0.0;-0.0012;0.0001;0.0018
110;0.0002;0.0018;0.0001;-0.0014
110;0.0002;0.0;0.0;0.0005
110;-0.0002;0.0;0.0007;0.0002
110;0.0001;-0.0059;0.0001;0.0064
110;0.0001;0.0006;0.0;0.0
110;-0.0007;0.0;0.0011;0.0002
110;0.0;0.0002;0.0003;0.0002
110;-0.0033;0.0038;0.0;0.0002
110;0.0007;0.0;0.0;0.0
110;0.0001;0.0;0.0;0.0006
110;0.0002;-0.0012;0.0;0.0017
110;0.0008;0.0;-0.0009;0.0007
110;0.0031;0.0004;-0.0027;0.0
110;0.0;-0.0082;0.0009;0.008
110;0.0006;0.0101;0.0005;-0.0104
110;0.0111;0.0003;-0.0109;0.0002
111;0.0001;0.0026;0.0001;-0.0019
111;0.0;-0.0037;0.0;0.0045
111;0.0004;0.0003;0.0;0.0001
111;-0.0007;0.0008;0.0;0.0007
111;0.0002;-0.0001;0.0001;0.0006
111;0.0;0.0021;0.0001;-0.0014
111;0.0;0.0007;0.0001;0.0
111;-0.0316;0.0;0.0323;0.0001
111;0.0002;-0.0019;0.0;0.0025
111;0.0;0.0008;0.0;0.0
111;-0.0002;0.0001;0.0009;0.0
111;0.0003;-0.0001;0.0003;0.0003
111;0.0559;0.0047;-0.0601;0.0004
111;-0.0645;0.0;0.0653;0.0
111;0.0;0.0;0.0;0.0008
111;0.0;-0.0455;0.0;0.0463
111;0.001;0.0;-0.0005;0.0002
111;0.0455;0.0001;-0.0448;0.0
111;0.0;-0.0168;0.0009;0.0167
111;0.0009;0.0;0.0;-0.0001
111;0.0478;0.0;-0.047;0.0
112;0.0;0.0012;0.0009;-0.0013
112;0.0;-0.0021;0.0003;0.0025
112;0.0;0.0001;0.0005;0.0002
112;-0.0008;0.0007;0.0001;0.0008
112;0.0;-0.0011;0.0;0.0019
112;0.0003;0.2948;0.0002;-0.2945
112;0.0003;-0.2929;0.0001;0.2933
112;-0.0;0.0;0.0007;0.0001
112;0.0001;-0.2887;0.0001;0.2892
112;0.0;0.0007;0.0001;0.0
112;-0.0009;0.0001;0.0013;0.0003
112;0.0002;0.0;0.0001;0.0004
112;0.0;0.0034;-0.0031;0.0005
112;-0.1824;0.0;0.1831;0.0
112;0.0001;0.0002;0.0;0.0005
112;0.0001;0.002;0.0001;-0.0014
112;0.0014;0.0;-0.0007;0.0
112;0.1943;0.0006;-0.1941;0.0
112;0.0;-0.4892;0.0;0.49
112;0.0006;0.2045;0.0;-0.2043
112;0.1956;0.0;-0.1951;0.0002
113;-0.0007;0.0003;0.0015;-0.0
113;0.0001;-0.0031;0.0006;0.0035
113;0.0005;0.0002;0.0;0.0004
113;-0.0016;0.0012;0.0;0.0015
113;0.0;-0.0015;0.0;0.0026
113;0.0005;0.1877;0.0;-0.1872
113;0.0008;-0.1832;0.0002;0.1833
113;0.0;0.0001;0.0008;0.0002
113;0.0;-0.1826;0.0004;0.1833
113;0.0;0.0006;0.0;0.0005
113;-0.0005;0.0;0.0016;0.0
113;0.0003;0.0006;0.0001;0.0001
113;0.0;0.0049;-0.0042;0.0004
113;-0.4999;0.0;0.5009;0.0001
113;0.0001;0.0008;0.0;0.0002
113;0.0002;0.0012;0.0002;-0.0005
113;0.0004;0.0;0.0006;0.0001
113;0.3749;0.0;-0.3738;0.0
113;0.0;0.002;0.0012;-0.0021
113;0.0009;0.4067;0.0035;-0.41
113;0.4051;0.0006;-0.4047;0.0001
116;-0.002;0.0019;0.0003;0.0004
116;0.0003;-0.0004;0.0004;0.0003
116;0.0;0.0;0.0003;0.0003
116;0.0008;0.0002;-0.0009;0.0005
116;0.0005;-0.0008;0.0;0.0009
116;0.0003;-0.0003;0.0002;0.0004
116;0.0002;0.0;0.0002;0.0002
116;-0.0009;0.0;0.0015;0.0
116;0.0001;0.0003;0.0002;0.0
116;0.0001;0.0004;0.0001;0.0
116;-0.0023;0.0003;0.0024;0.0002
116;0.0003;-0.0008;0.0001;0.001
116;-0.005;0.0051;0.0;0.0005
116;-0.0065;0.0;0.007;0.0002
116;0.0;-0.0005;0.0;0.0011
116;0.0001;0.0009;0.0001;-0.0004
116;0.0003;0.0;0.0;0.0003
116;-0.0006;0.0001;0.0011;0.0
116;0.0002;0.0012;0.0009;-0.0016
116;0.0007;0.0003;0.001;-0.0013
116;-0.0001;0.0;0.0005;0.0002
117;-0.0007;0.0023;0.0001;-0.0013
117;0.0003;-0.0033;0.0002;0.0033
117;0.0;0.0001;0.0002;0.0002
117;-0.0006;0.0006;0.0;0.0005
117;0.0003;-0.0015;0.0002;0.0015
117;0.0;0.0027;0.0;-0.0023
117;0.0001;-0.0004;0.0001;0.0006
117;-0.0004;0.0;0.0008;0.0001
117;0.0;-0.0008;0.0001;0.0011
117;0.0;0.0003;0.0002;0.0
117;-0.0014;0.0003;0.0015;0.0
117;0.0002;-0.0002;0.0001;0.0003
117;-0.0008;0.0026;-0.0016;0.0003
117;0.0004;0.0;0.0;0.0001
117;0.0001;-0.0001;0.0;0.0005
117;0.0;0.0004;0.0001;0.0
117;0.0004;0.0;0.0;0.0
117;0.0006;0.0003;-0.0004;0.0
117;0.0;-0.0028;0.0005;0.0028
117;0.0011;0.0;0.0;-0.0006
117;0.0023;0.0;-0.002;0.0002
118;0.0;0.0008;0.0024;0.0
118;0.0;-0.0035;0.0004;0.0063
118;0.0066;0.0003;-0.004;0.0002
118;-0.0024;0.0002;0.0039;0.0015
118;0.0002;0.0;0.0001;0.0029
118;0.0001;0.0039;0.0;-0.0008
118;0.0003;0.0028;0.0001;0.0
118;-0.3726;0.0002;0.3756;0.0
118;0.0003;0.0002;0.0001;0.0026
118;0.0002;0.0019;0.0001;0.001
118;-0.6657;0.0009;0.6676;0.0003
118;0.0006;-0.6322;0.0351;0.5996
118;0.22;0.0024;-0.2193;0.0001
118;-0.8929;0.0;0.896;0.0001
118;0.0;0.0027;0.0;0.0005
118;0.0001;-0.1946;0.0001;0.1976
118;0.7377;0.0043;-0.7388;0.0
118;0.8914;0.0015;-0.8898;0.0
118;0.0;-0.0005;0.0017;0.002
118;0.0043;-0.6996;0.0236;0.6749
118;0.1883;0.0;-0.1859;0.0008
119;0.0;0.0021;0.0009;-0.0021
119;0.0003;-0.002;0.0004;0.0022
119;0.0001;0.0;0.0005;0.0003
119;0.0;0.0014;-0.0018;0.0013
119;0.0001;0.0;0.0001;0.0007
119;0.0001;-0.0001;0.0001;0.0009
119;0.0007;0.0032;0.0001;-0.0031
119;-0.0407;0.0;0.0416;0.0
119;0.0;0.0029;0.0;-0.002
119;0.0;0.0009;0.0;0.0
119;-0.0021;0.0003;0.0024;0.0003
119;0.0002;-0.0007;0.0009;0.0004
119;0.0985;0.011;-0.1092;0.0006
119;0.0009;0.0;0.0;0.0
119;0.0001;-0.0005;0.0001;0.0012
119;0.0003;-0.0426;0.0008;0.0424
119;0.001;0.0001;-0.0002;0.0
119;-0.2655;0.0007;0.2654;0.0003
119;0.0;-0.1823;0.0024;0.1808
119;0.002;0.0;0.0002;-0.0013
119;-0.275;0.0002;0.2755;0.0002
23;0.0637;0.0003;0.0021;-0.0654
23;0.0003;-0.0678;0.0001;0.0681
23;-0.001;0.0001;0.0016;0.0
23;-0.0675;0.0006;0.0669;0.0007
23;0.0;0.0;0.0;0.0007
23;0.0;0.0847;0.0;-0.084
23;0.0003;-0.0154;0.0004;0.0154
23;-0.0047;0.0;0.0054;0.0
23;0.0001;-0.083;0.0013;0.0823
23;0.0;0.0007;0.0;0.0
23;-0.0002;0.0;0.0004;0.0004
23;0.0;0.0;0.0;0.0007
23;-0.0005;0.0012;0.0;0.0
23;-0.5539;0.0;0.5545;0.0001
23;0.0001;-0.0001;0.0;0.0007
23;0.0;0.0046;0.0;-0.0039
23;0.0001;0.0001;0.0002;0.0003
23;0.0;0.0003;-0.0;0.0004
23;0.0002;-0.0434;0.0002;0.0437
23;0.0012;0.0323;0.0271;-0.0599
23;0.0361;0.0;-0.0353;0.0
24;-0.0024;0.0008;0.0024;0.0001
24;0.0;-0.0026;0.0002;0.0033
24;0.0003;0.0004;0.0;0.0002
24;0.0;0.0003;-0.0004;0.001
24;0.0003;0.0064;0.0004;-0.0062
24;0.0001;-0.0014;0.0;0.0022
24;0.0005;-0.0034;0.0001;0.0037
24;-0.0586;0.0003;0.0592;0.0
24;0.0;-0.0035;0.0001;0.0043
24;0.0;0.0006;0.0;0.0003
24;-0.9901;0.0002;0.9907;0.0001
24;0.0004;-0.996;0.0481;0.9485
24;-0.0799;0.0002;0.0804;0.0002
24;-0.9071;0.0002;0.9078;0.0
24;0.0001;0.0;0.0;0.0008
24;0.0;0.0856;0.0;-0.0847
24;0.0009;0.0;0.0;0.0
24;-0.0813;0.0003;0.0813;0.0007
24;0.0;-0.0018;0.0001;0.0026
24;0.0003;0.0036;0.0;-0.003
24;-0.0806;0.0;0.0815;0.0
26;-0.0011;0.0034;0.0003;-0.0018
26;0.0;-0.0035;0.0002;0.0041
26;0.0;0.0004;0.0003;0.0001
26;-0.0001;0.0009;-0.0012;0.0012
26;0.0;-0.0008;0.0001;0.0015
26;0.0;0.0033;0.0001;-0.0026
26;0.0002;-0.0001;0.0001;0.0006
26;-0.0004;0.0;0.0008;0.0004
26;0.0;0.0002;0.0002;0.0004
26;0.0;0.0004;0.0;0.0005
26;-0.001;0.0;0.0018;0.0
26;0.0;-0.0003;0.0002;0.0009
26;-0.0062;0.0068;0.0;0.0002
26;-0.0092;0.0;0.0099;0.0002
26;0.0002;-0.0007;0.0002;0.0011
26;0.0002;0.0008;0.0001;-0.0002
26;0.0002;0.0;0.0004;0.0002
26;0.0013;0.0;-0.0004;0.0
26;0.0;0.0;0.0008;0.0
26;0.0008;0.0;0.0;0.0
26;0.0017;0.0003;-0.0011;0.0
34;0.0;0.0019;0.0003;-0.0014
34;0.0;-0.0016;0.0001;0.0023
34;0.0;0.0001;0.0007;0.0
34;-0.0098;0.0008;0.009;0.0008
34;0.0;0.0007;0.0001;0.0
34;0.0;0.0099;0.0001;-0.0091
34;0.0001;0.0;0.0;0.0007
34;0.0002;0.0;0.0007;0.0
34;0.0001;-0.0117;0.0;0.0125
34;0.0001;0.0007;0.0;0.0
34;-0.0042;0.0;0.005;0.0
34;0.0001;-0.0016;0.0001;0.0022
34;0.0;0.0041;-0.0033;0.0001
34;-0.1407;0.0;0.1416;0.0
34;0.0;-0.0003;0.0001;0.001
34;0.0002;0.0014;0.0;-0.0007
34;0.0008;0.0;0.0;0.0
34;0.0884;0.0017;-0.0893;0.0
34;0.0002;-0.1431;0.0004;0.1433
34;0.0;0.1385;0.0038;-0.1414
34;0.1359;0.0002;-0.1352;0.0
35;0.0;0.0019;0.0017;-0.0025
35;0.0004;-0.0037;0.0002;0.0042
35;0.0;0.0002;0.0007;0.0002
35;-0.0408;0.0003;0.0413;0.0003
35;0.0;0.0;0.0001;0.001
35;0.0;0.2347;0.0001;-0.2337
35;0.0003;-0.1918;0.0001;0.1925
35;-0.0003;0.0;0.0014;0.0
35;0.0;-0.227;0.0008;0.2273
35;0.0;0.0007;0.0001;0.0002
35;-0.0177;0.0;0.0188;0.0
35;0.0004;-0.0106;0.0006;0.0107
35;0.0;0.0033;-0.0024;0.0001
35;-0.3346;0.0;0.3356;0.0001
35;0.0001;0.0003;0.0;0.0007
35;0.0;0.002;0.0003;-0.0012
35;0.0019;0.0;-0.0008;0.0
35;0.0003;0.0006;0.0;0.0002
35;0.0002;-0.3085;0.0;0.3093
35;0.0002;0.0796;0.007;-0.0858
35;0.0611;0.0002;-0.0602;0.0
36;-0.0023;0.0022;0.0002;0.0
36;0.0005;-0.0051;0.0002;0.0046
36;0.0002;0.0002;-0.0005;0.0002
36;-0.0011;0.0003;0.0002;0.0007
36;0.0;0.0001;0.0;0.0
36;0.0001;-0.0027;0.0001;0.0026
36;0.0004;0.0041;0.0;-0.0043
36;-0.0816;0.0001;0.0817;0.0
36;0.0001;0.0;0.0;0.0
36;0.0001;0.0;0.0;0.0
36;-0.0018;0.0002;0.0018;0.0
36;0.0002;-0.0;0.0;0.0
36;0.0521;0.0062;-0.0587;0.0006
36;0.0001;0.0;0.0;0.0
36;0.0;-0.0009;0.0;0.001
36;0.0;-0.0783;0.0;0.0784
36;0.0004;0.0;-0.0005;0.0002
36;-0.0468;0.0006;0.046;0.0003
36;0.0001;-0.0029;0.0001;0.0028
36;0.0;0.0224;0.0004;-0.0227
36;-0.1072;0.0;0.1072;0.0001
37;-0.0016;0.0019;0.0;0.0004
37;0.0006;-0.002;0.0001;0.002
37;0.0003;0.0;0.0;0.0004
37;-0.0002;0.0005;0.0;0.0004
37;0.0;-0.0001;0.0001;0.0007
37;0.0002;0.0038;0.0002;-0.0036
37;0.0001;-0.0017;0.0001;0.0022
37;0.0004;0.0;0.0003;0.0
37;0.0002;-0.0033;0.0001;0.0036
37;0.0001;0.0003;0.0002;0.0
37;-0.1177;0.0001;0.1181;0.0001
37;0.0;-0.0869;0.0037;0.0839
37;-0.0047;0.0053;0.0;0.0001
37;-0.1015;0.0001;0.102;0.0001
37;0.0;-0.0;0.0;0.0007
37;0.0001;0.0005;0.0001;0.0
37;0.0003;0.0;0.0004;0.0
37;0.0007;0.0016;-0.0016;0.0
37;0.0;0.0003;0.0004;0.0
37;0.0;0.0007;0.0;0.0
37;0.0012;0.0;-0.0005;0.0
40;-0.0022;0.005;0.0;-0.0021
40;0.0004;-0.0023;0.0002;0.0024
40;0.0002;0.0002;-0.0;0.0003
40;0.0;0.0011;-0.0011;0.0007
40;0.0;0.0003;0.0002;0.0002
40;0.0001;0.0023;0.0;-0.0017
40;0.0002;0.0;0.0001;0.0004
40;-0.0002;0.0001;0.0007;0.0001
40;0.0004;-0.0011;0.0001;0.0013
40;0.0002;0.0003;0.0;0.0001
40;-0.0018;0.0003;0.002;0.0002
40;0.0004;-0.0003;0.0003;0.0004
40;0.0;0.0005;0.0;0.0002
40;0.0002;0.0001;0.0004;0.0
40;0.0001;0.0001;0.0;0.0005
40;0.0;0.0015;0.0002;-0.001
40;0.0005;0.0;-0.0001;0.0003
40;0.0005;0.0002;0.0;0.0
40;0.0;0.0005;0.0002;0.0
40;0.0002;0.001;0.0;-0.0005
40;0.001;0.0004;-0.0007;0.0
41;-0.0043;0.0003;0.0017;0.003
41;0.0;0.0002;0.0006;-0.0001
41;-0.0005;0.0001;0.0008;0.0002
41;0.0023;0.0011;-0.004;0.0013
41;0.0;-0.0003;0.0001;0.0008
41;0.0002;-0.0013;0.0001;0.0017
41;0.0001;0.0004;0.0003;-0.0001
41;0.0;0.0;0.0007;0.0
41;0.0001;-0.0016;0.0003;0.0019
41;0.0003;0.0003;0.0001;0.0
41;-0.001;0.0001;0.0015;0.0
41;0.0001;0.0;0.0001;0.0004
41;0.0;0.0003;0.0003;0.0001
41;0.0002;0.0;0.0003;0.0001
41;0.0001;-0.0001;0.0;0.0007
41;0.0004;0.0019;0.0005;-0.0022
41;0.0;0.0;0.0004;0.0003
41;-0.0029;0.0;0.0036;0.0
41;0.0;0.0027;0.0005;-0.0026
41;0.0029;0.0;0.0322;-0.0345
41;-0.0027;0.0;0.0034;0.0
42;0.0142;0.0028;0.0016;-0.018
42;0.0001;-0.0189;0.0001;0.0194
42;0.0001;0.0001;0.0002;0.0002
42;-0.0175;0.0008;0.0163;0.001
42;0.0;-0.0003;0.0002;0.0007
42;0.0002;0.021;0.0001;-0.0207
42;0.0002;0.0;0.0003;0.0001
42;-0.0024;0.0;0.003;0.0
42;0.0001;-0.0195;0.0002;0.0198
42;0.0004;0.0;0.0002;0.0
42;-0.05;0.0003;0.0503;0.0
42;0.0;-0.0323;0.0021;0.0308
42;0.0;0.0035;-0.0031;0.0002
42;-0.051;0.0;0.0515;0.0001
42;0.0;0.0003;0.0001;0.0002
42;0.0;0.0;0.0001;0.0005
42;0.0009;0.0;-0.0007;0.0004
42;0.139;0.0;-0.1385;0.0002
42;0.0002;-0.2198;0.001;0.2192
42;0.0014;0.2476;0.0126;-0.2609
42;0.2229;0.0004;-0.2227;0.0
43;-0.0019;0.0025;0.0004;0.0
43;0.0;-0.0014;0.0001;0.0022
43;0.0031;0.0001;-0.0024;0.0002
43;0.0002;0.0005;0.0;0.0003
43;0.0;-0.0041;0.0;0.005
43;0.0001;0.0013;0.0001;-0.0006
43;0.0003;-0.0011;0.0;0.0018
43;-0.0093;0.0;0.0101;0.0002
43;0.0;0.0054;0.0002;-0.0046
43;0.0;0.001;0.0;0.0
43;-0.025;0.0;0.0259;0.0
43;0.0003;-0.0168;0.0015;0.016
43;-0.0013;0.002;0.0;0.0002
43;-0.0495;0.0;0.0504;0.0001
43;0.0001;0.0003;0.0;0.0006
43;0.0004;0.0;0.0001;0.0004
43;0.0023;0.0;-0.0015;0.0002
43;-0.0276;0.0015;0.027;0.0
43;0.0;0.0005;0.001;-0.0005
43;0.0003;0.0;0.0015;-0.0009
43;0.0061;0.0001;-0.0052;0.0
44;-0.0027;0.0001;0.0019;0.0014
44;0.0001;0.0002;0.0003;0.0
44;-0.0003;0.0003;0.0005;0.0002
44;0.0003;0.0007;-0.0014;0.0011
44;0.0001;0.0006;0.0;-0.0
44;0.0001;0.0005;0.0;0.0
44;0.0001;0.0005;0.0;0.0
44;0.0001;0.0;0.0005;0.0
44;0.0002;0.0019;0.0004;-0.0018
44;0.0;0.0006;0.0;0.0
44;-0.0007;0.0001;0.0011;0.0001
44;0.0003;0.0;0.0;0.0003
44;-0.0016;0.0003;0.0014;0.0005
44;0.0;0.0;0.0003;0.0003
44;0.0;-0.0006;0.0;0.0012
44;0.0;0.0012;0.0001;-0.0007
44;0.001;0.0;-0.0003;0.0
44;-0.0029;0.0002;0.0032;0.0002
44;0.0;0.0054;0.0002;-0.005
44;0.0015;-0.002;0.0289;-0.0278
44;-0.0034;0.0;0.004;0.0
45;0.4344;0.0009;0.003;-0.4377
45;0.0;-0.4389;0.0;0.4395
45;-0.0017;0.0002;0.0021;0.0
45;-0.4395;0.0005;0.4385;0.0011
45;0.0001;0.0004;0.0001;0.0
45;0.0;0.4383;0.0;-0.4377
45;0.0004;0.0;0.0002;0.0
45;0.0255;0.0;-0.0249;0.0
45;0.0;-0.4092;0.0007;0.4091
45;0.0003;0.0003;0.0;0.0
45;-0.0011;0.0;0.0017;0.0
45;0.0;-0.0002;0.0005;0.0003
45;-0.0036;0.0041;0.0;0.0001
45;-0.1339;0.0;0.1345;0.0
45;0.0;0.0;0.0;0.0006
45;0.0;0.0019;0.0002;-0.0015
45;0.0003;0.0;0.0003;0.0
45;0.1934;0.0002;-0.193;0.0
45;0.0;-0.0077;0.0004;0.0079
45;0.0005;0.1016;0.0115;-0.1131
45;0.0006;0.0;0.0;0.0
47;0.0;0.0019;0.0008;-0.0018
47;0.0001;-0.0039;0.0003;0.0044
47;0.0006;0.0001;0.0;0.0002
47;-0.0028;0.0008;0.0017;0.0012
47;0.0;-0.0014;0.0002;0.0021
47;0.0;0.0088;0.0;-0.0079
47;0.0005;0.0;0.0;0.0004
47;-0.0464;0.0;0.0472;0.0001
47;0.0001;-0.0266;0.0;0.0274
47;0.0001;0.0;0.0;0.0007
47;-0.0005;0.0;0.0014;0.0
47;0.0003;0.0002;0.0;0.0003
47;0.0;0.0057;-0.0049;0.0001
47;0.0009;0.0;0.0;0.0
47;0.0;0.0;0.0;0.0009
47;0.0001;-0.0514;0.0001;0.0521
47;0.0016;0.0;-0.0008;0.0001
47;0.4062;0.0004;-0.4059;0.0001
47;0.0;-0.3583;0.0002;0.359
47;0.0002;0.3752;0.0005;-0.375
47;0.3981;0.0;-0.3972;0.0
48;-0.0025;0.0024;0.0002;0.0004
48;0.0003;-0.0031;0.0004;0.0028
48;0.0;0.0002;0.0;0.0002
48;-0.0004;0.0008;-0.0015;0.0015
48;0.0;-0.0016;0.0001;0.0019
48;0.0002;0.0009;0.0;-0.0006
48;0.0002;-0.0004;0.0003;0.0004
48;-0.0003;0.0;0.0007;0.0
48;0.0001;0.0002;0.0001;0.0
48;0.0;0.0004;0.0;0.0
48;-0.0011;0.0002;0.0012;0.0002
48;0.0004;-0.0004;0.0001;0.0003
48;-0.0002;0.0002;0.0;0.0004
48;0.0;0.0001;0.0002;0.0001
48;0.0001;-0.0003;0.0;0.0006
48;0.0;0.0016;0.0001;-0.0012
48;0.0003;0.0;0.0001;0.0
48;0.0;0.0003;0.0;0.0001
48;0.0006;0.0;0.0009;-0.0011
48;0.0008;0.001;0.0;-0.0013
48;0.0014;0.0;-0.001;0.0
51;-0.0017;0.005;0.0002;-0.0028
51;0.0002;-0.0012;0.0004;0.0013
51;-0.0004;0.0003;0.0007;0.0001
51;-0.0009;0.0006;0.0002;0.0008
51;0.0002;-0.0006;0.0;0.0011
51;0.0;0.0012;0.0;-0.0005
51;0.0004;0.0;0.0001;0.0002
51;0.0002;0.0;0.0005;0.0
51;0.0;-0.0007;0.0002;0.0012
51;0.0002;-0.0005;0.0;0.001
51;-0.0011;0.0002;0.0014;0.0002
51;0.0;0.0002;0.0;0.0005
51;-0.0059;0.0049;0.0018;0.0
51;-0.0017;0.0;0.0023;0.0002
51;0.0;-0.0003;0.0;0.001
51;0.0;0.0009;0.0;-0.0001
51;0.0005;0.0;0.0002;0.0
51;0.0007;0.0;0.0;0.0
51;0.0;0.0;0.0007;0.0
51;0.0003;0.0006;0.0001;-0.0003
51;0.0008;0.0003;-0.0004;0.0
52;0.0;0.0039;0.0001;-0.0035
52;0.0003;-0.0029;0.0;0.0031
52;-0.0004;0.0002;0.0002;0.0005
52;-0.0025;0.0002;0.0023;0.0005
52;0.0002;-0.0011;0.0001;0.0013
52;0.0;0.0077;0.0005;-0.0077
52;0.0003;-0.0025;0.0001;0.0026
52;-0.0004;0.0;0.0009;0.0
52;0.0002;-0.0042;0.0;0.0045
52;0.0;0.0005;0.0;0.0
52;-0.0023;0.0;0.0028;0.0
52;0.0;0.0001;0.0001;0.0003
52;0.0;0.0056;-0.0053;0.0002
52;0.0004;0.0001;0.0;0.0
52;0.0;0.0;0.0;0.0005
52;0.0003;0.0018;0.0002;-0.0018
52;0.0008;0.0001;-0.0004;0.0
52;0.0004;0.0001;0.0;0.0
52;0.0001;-0.0014;0.0004;0.0014
52;0.0003;0.0001;0.0001;0.0
52;0.0005;0.0001;-0.0004;0.0003
53;-0.0039;0.0037;0.0001;0.0007
53;0.0001;0.0002;0.0003;0.0
53;-0.0008;0.0;0.0014;0.0
53;0.0004;0.0007;-0.0011;0.0006
53;0.0;0.0;0.0001;0.0005
53;0.0;0.0004;0.0;0.0002
53;0.0004;0.0004;0.0001;-0.0003
53;-0.0024;0.0;0.003;0.0
53;0.0002;0.0016;0.0001;-0.0013
53;0.0001;0.0003;0.0001;0.0
53;-0.0014;0.0;0.0019;0.0002
53;0.0001;-0.0003;0.0;0.0007
53;-0.0068;0.0069;0.0;0.0005
53;0.0005;0.0;0.0;0.0001
53;0.0;0.0;0.0;0.0006
53;0.0002;0.0012;0.0002;-0.001
53;0.0002;0.0;0.0003;0.0001
53;-0.0067;0.0003;0.0068;0.0001
53;0.0001;0.0051;0.0006;-0.0053
53;0.0004;-0.0009;0.0003;0.0008
53;-0.0015;0.0005;0.0016;0.0
54;-0.0026;0.0063;0.0001;-0.0033
54;0.0001;-0.0018;0.0002;0.002
54;0.0;0.0002;-0.0003;0.0006
54;-0.001;0.0008;0.0;0.0007
54;0.0;0.0;0.0002;0.0003
54;0.0;0.0025;0.0;-0.002
54;0.0003;-0.0001;0.0003;0.0
54;-0.016;0.0;0.0165;0.0
54;0.0003;0.0028;0.0001;-0.0027
54;0.0;0.0005;0.0;0.0
54;-0.0022;0.0;0.0027;0.0
54;0.0;0.0;0.0003;0.0003
54;0.0;0.0068;-0.0065;0.0002
54;0.0004;0.0;0.0;0.0001
54;0.0002;-0.0012;0.0;0.0015
54;0.0001;-0.0157;0.0;0.0161
54;0.0008;0.0;-0.0004;0.0001
54;-0.0053;0.0001;0.0057;0.0
54;0.0;-0.0033;0.0007;0.0031
54;0.001;0.0068;0.0001;-0.0074
54;0.0061;0.0;-0.0057;0.0001
55;-0.0034;0.0048;0.0012;-0.0014
55;0.0004;-0.0025;0.0001;0.0032
55;-0.0003;0.0005;0.0008;0.0002
55;-0.0012;0.0014;0.0;0.001
55;0.0001;-0.0008;0.0001;0.0018
55;0.0;0.0088;0.0;-0.0076
55;0.0;-0.0059;0.0001;0.007
55;-0.001;0.0;0.0021;0.0001
55;0.0002;-0.0054;0.0001;0.0063
55;0.0002;0.001;0.0;0.0
55;-0.0008;0.0002;0.0018;0.0
55;0.0003;0.0007;0.0;0.0003
55;0.0;0.0102;-0.0096;0.0006
55;0.0012;0.0;0.0;0.0
55;0.0;0.0;0.0;0.0012
55;0.0;0.0012;0.0;0.0
55;0.0017;0.0001;-0.0008;0.0002
55;0.0031;0.0006;-0.0025;0.0
55;0.0001;-0.005;0.0009;0.0052
55;0.0005;0.0007;0.0;0.0
55;0.002;0.0004;-0.0012;0.0
56;0.0;0.0036;0.0002;-0.0027
56;0.0003;-0.0021;0.0002;0.0027
56;-0.0003;0.0001;0.0011;0.0002
56;-0.0052;0.0008;0.0052;0.0003
56;0.0;0.0;0.0;0.0011
56;0.0;0.0097;0.0003;-0.0089
56;0.0002;-0.0045;0.0002;0.0052
56;0.0;0.0001;0.001;0.0
56;0.0001;-0.0035;0.0003;0.0042
56;0.0;0.0006;0.0002;0.0003
56;-0.0013;0.0001;0.0022;0.0001
56;0.0002;-0.0;0.0002;0.0007
56;0.0;0.0038;-0.0029;0.0002
56;0.0011;0.0;0.0;0.0
56;0.0;0.0001;0.0;0.001
56;0.0;0.0015;0.0;-0.0004
56;0.0009;0.0001;-0.0;0.0001
56;0.0048;0.0008;-0.0045;0.0
56;0.0002;-0.0146;0.0003;0.0152
56;0.0004;0.0063;0.0001;-0.0057
56;0.0047;0.0;-0.0036;0.0
57;-0.0027;0.0063;0.0001;-0.0031
57;0.0002;-0.0003;0.0001;0.0006
57;0.0;0.0002;0.0001;0.0003
57;0.0;0.0005;-0.0003;0.0004
57;0.0001;-0.0001;0.0001;0.0005
57;0.0002;0.0021;0.0001;-0.0018
57;0.0001;-0.0009;0.0;0.0014
57;-0.0004;0.0;0.001;0.0
57;0.0001;0.0005;0.0;0.0
57;0.0002;0.0004;0.0;0.0
57;-0.0016;0.0;0.0018;0.0004
57;0.0;0.0003;0.0002;0.0002
57;0.0;0.0066;-0.0065;0.0005
57;0.0006;0.0;0.0;0.0
57;0.0006;-0.0009;0.0;0.0009
57;0.0001;0.0018;0.001;-0.0023
57;0.0007;0.0;-0.0003;0.0003
57;0.0;0.0003;0.0003;0.0
57;0.0002;0.0027;0.0011;-0.0034
57;0.0004;0.0019;0.0002;-0.002
57;0.0027;0.0;-0.0023;0.0002
58;-0.002;0.0034;0.0003;-0.0009
58;0.0003;-0.0013;0.0003;0.0015
58;0.0;0.0003;0.0002;0.0003
58;-0.0005;0.0006;0.0;0.0007
58;0.0002;0.0;0.0001;0.0005
58;0.0002;0.0048;0.0002;-0.0044
58;0.0003;-0.0015;0.0009;0.0011
58;-0.0;0.0;0.0008;0.0
58;0.0;-0.0004;0.0001;0.0011
58;0.0;0.0;0.0;0.0008
58;-0.0014;0.0;0.0022;0.0
58;0.0;0.0004;0.0;0.0004
58;-0.0;0.0044;-0.0035;0.0
58;0.0008;0.0;0.0;0.0
58;0.0001;-0.0006;0.0;0.0013
58;0.0;0.0011;0.0;-0.0003
58;0.0007;0.0;-0.0006;0.0006
58;0.0008;0.0;0.0;0.0
58;0.0004;-0.0057;0.0005;0.0056
58;0.0004;0.0132;0.0001;-0.0129
58;0.0067;0.0;-0.0059;0.0
59;-0.002;0.0036;0.0001;-0.0009
59;0.0004;0.0004;0.0;0.0
59;-0.0005;0.0002;0.0007;0.0003
59;-0.0004;0.001;-0.0011;0.0013
59;0.0002;-0.0011;0.0004;0.0013
59;0.0;-0.0007;0.0;0.0014
59;0.0004;0.0003;0.0001;0.0
59;0.0;0.0;0.0008;0.0
59;0.0001;0.0004;0.0002;0.0
59;0.0002;0.0005;0.0;0.0
59;-0.0015;0.0002;0.0016;0.0005
59;0.0001;0.0003;0.0001;0.0001
59;0.0;0.0065;-0.0057;0.0
59;0.0006;0.0001;0.0;0.0
59;0.0002;-0.0005;0.0;0.0011
59;0.0001;0.0002;0.0004;0.0
59;0.0004;0.0004;-0.0004;0.0003
59;-0.0041;0.0007;0.0042;0.0
59;0.0;0.0011;0.0009;-0.0012
59;0.001;0.0022;0.0;-0.0025
59;-0.0001;0.0002;0.0005;0.0002
62;0.0111;0.0037;0.0004;-0.0146
62;0.0002;-0.0159;0.0001;0.0162
62;0.0003;0.0001;0.0;0.0002
62;-0.0134;0.0012;0.0128;0.0001
62;0.0;-0.0006;0.0;0.0012
62;0.0002;0.0184;0.0001;-0.018
62;0.0001;0.0003;0.0002;0.0
62;-0.0566;0.0;0.0572;0.0
62;0.0002;-0.0128;0.0;0.0133
62;0.0;0.0006;0.0;0.0
62;-0.0014;0.0;0.002;0.0001
62;0.0;0.0;0.0;0.0006
62;0.031;0.0033;-0.0338;0.0001
62;-0.0058;0.0;0.0064;0.0
62;0.0;-0.0007;0.0;0.0013
62;0.0;-0.041;0.0;0.0416
62;0.0014;0.0;-0.0007;0.0
62;0.026;0.0004;-0.0257;0.0
62;0.0;-0.001;0.0006;0.001
62;0.0006;0.0;0.0003;-0.0002
62;0.0363;0.0004;-0.036;0.0
63;0.0;0.0049;0.0003;-0.004
63;0.0002;-0.0013;0.0;0.0023
63;0.0039;0.0002;-0.0032;0.0003
63;-0.0027;0.0009;0.0024;0.0006
63;0.0001;-0.0028;0.0001;0.0038
63;0.0;0.0721;0.0;-0.0709
63;0.0003;-0.0645;0.0002;0.0652
63;-0.002;0.0001;0.0031;0.0
63;0.0;-0.0645;0.0002;0.0655
63;0.0;0.0008;0.0;0.0004
63;-0.0011;0.0003;0.0019;0.0001
63;0.0002;-0.0;0.0;0.001
63;-0.0028;0.0035;0.0;0.0005
63;-0.0772;0.0;0.0782;0.0001
63;0.0;0.0;0.0;0.0012
63;0.0002;0.0;0.0001;0.0009
63;0.0007;0.0;0.0005;0.0
63;0.0585;0.0004;-0.0579;0.0002
63;0.0002;-0.1392;0.001;0.1391
63;0.0007;0.071;0.0006;-0.0711
63;0.072;0.0003;-0.0712;0.0
64;0.0;0.0031;0.0013;-0.0037
64;0.0;-0.0034;0.0006;0.0035
64;0.0005;0.0001;0.0002;0.0
64;-0.0058;0.0007;0.0048;0.001
64;0.0;-0.0022;0.0001;0.0029
64;0.0;0.0384;0.0001;-0.0378
64;0.0;-0.0321;0.0001;0.0327
64;-0.0007;0.0;0.0015;0.0
64;0.0;-0.0388;0.0003;0.0392
64;0.0;0.0007;0.0;0.0
64;-0.005;0.0002;0.0055;0.0
64;0.0003;-0.0041;0.0002;0.0043
64;-0.0028;0.0034;0.0;0.0002
64;-0.0927;0.0;0.0934;0.0
64;0.0;-0.0002;0.0001;0.0008
64;0.0001;0.0;0.0002;0.0004
64;0.0007;0.0;0.0;0.0
64;0.044;0.0001;-0.0434;0.0
64;0.0;-0.0842;0.0003;0.0846
64;0.0002;0.0417;0.0014;-0.0426
64;0.0333;0.0;-0.0326;0.0
65;0.1138;0.0042;0.0006;-0.1149
65;0.0;-0.1131;0.0001;0.1167
65;0.0067;0.0;-0.003;0.0
65;-0.1148;0.0006;0.1176;0.0003
65;0.0;-0.0041;0.0004;0.0074
65;0.0;0.1262;0.0;-0.1224
65;0.0001;0.0;0.0001;0.0036
65;-0.0089;0.0;0.0127;0.0
65;0.0;-0.1172;0.0003;0.1207
65;0.0;0.0032;0.0;0.0006
65;-0.0074;0.0;0.011;0.0002
65;0.0002;-0.005;0.0001;0.0084
65;0.0;0.0036;0.0;0.0002
65;-0.015;0.0;0.0188;0.0
65;0.0;0.0029;0.0;0.0009
65;0.0001;0.0;0.0;0.0037
65;0.014;0.0004;-0.0107;0.0
65;0.0431;0.0003;-0.0398;0.0001
65;0.0001;-0.022;0.0003;0.0254
65;0.0005;0.0008;0.0025;0.0
65;0.0071;0.0;-0.0033;0.0
66;-0.0012;0.0027;0.0002;-0.0011
66;0.0002;-0.0014;0.0001;0.0017
66;0.0002;0.0002;0.0;0.0002
66;0.0004;0.0005;-0.0005;0.0002
66;0.0;-0.0003;0.0;0.0009
66;0.0;0.0004;0.0003;-0.0
66;0.0002;0.0;0.0001;0.0003
66;-0.0006;0.0001;0.0011;0.0
66;0.0001;0.0;0.0;0.0005
66;0.0001;0.0001;0.0001;0.0003
66;-0.0011;0.0003;0.0014;0.0
66;0.0;0.0;0.0001;0.0005
66;-0.0028;0.003;0.0003;0.0001
66;-0.0021;0.0;0.0027;0.0001
66;0.0002;0.0001;0.0;0.0003
66;0.0002;0.0015;0.0001;-0.0011
66;0.0008;0.0;-0.0004;0.0002
66;0.0011;0.0001;-0.0006;0.0
66;0.0;0.0014;0.0011;-0.0019
66;0.0002;0.0003;0.0;0.0001
66;0.0012;0.0;-0.0009;0.0004
67;0.0;0.0032;0.0003;-0.002
67;0.0001;-0.0021;0.0003;0.0032
67;0.0743;0.0003;-0.0733;0.0002
67;-0.0131;0.0005;0.0138;0.0003
67;0.0;-0.0741;0.0003;0.0753
67;0.0004;0.0918;0.0001;-0.0908
67;0.0005;0.0;0.0002;0.0008
67;-0.019;0.0;0.0203;0.0002
67;0.0;-0.0289;0.0003;0.0301
67;0.0;0.0;0.0001;0.0014
67;-0.0308;0.0;0.0322;0.0001
67;0.0002;-0.0257;0.0016;0.0254
67;0.0415;0.0028;-0.0429;0.0001
67;-0.1529;0.0;0.1543;0.0001
67;0.0;0.0;0.0;0.0015
67;0.0001;0.0;0.0;0.0014
67;0.0256;0.0003;-0.0245;0.0001
67;0.0601;0.0001;-0.0588;0.0001
67;0.0001;-0.1684;0.0004;0.1694
67;0.0003;0.0343;0.0032;-0.0363
67;0.0136;0.0002;-0.0124;0.0001
68;0.0;0.0013;0.0005;-0.0013
68;0.0001;-0.0035;0.0002;0.0037
68;0.136;0.0002;-0.1357;0.0
68;-0.0026;0.0004;0.0023;0.0004
68;0.0001;-0.1367;0.0001;0.137
68;0.0001;0.1359;0.0001;-0.1356
68;0.0002;0.0001;0.0002;0.0
68;-0.0865;0.0001;0.0869;0.0
68;0.0001;-0.0238;0.0;0.0242
68;0.0001;0.0004;0.0;0.0
68;-0.001;0.0001;0.0014;0.0
68;0.0001;0.0;0.0002;0.0002
68;0.1198;0.0022;-0.1215;0.0
68;-0.1562;0.0001;0.1564;0.0002
68;0.0;-0.0002;0.0001;0.0006
68;0.0002;0.0;0.0;0.0003
68;0.001;0.0001;-0.0009;0.0003
68;0.0131;0.0001;-0.0131;0.0003
68;0.0001;-0.1689;0.0003;0.169
68;0.0007;0.0364;0.0012;-0.0378
68;0.048;0.0002;-0.0477;0.0
69;-0.0033;0.0057;0.0;-0.0016
69;0.0002;-0.0014;0.0003;0.0016
69;0.0;0.0001;0.0004;0.0003
69;-0.0004;0.0008;-0.0004;0.0007
69;0.0002;-0.0001;0.0002;0.0005
69;0.0;0.0021;0.0001;-0.0014
69;0.0001;-0.0007;0.0;0.0014
69;-0.0003;0.0;0.0011;0.0
69;0.0002;0.0;0.0001;0.0005
69;0.0001;0.0005;0.0002;0.0
69;-0.0012;0.0001;0.0017;0.0001
69;0.0001;0.0;0.0001;0.0005
69;-0.0053;0.0045;0.0014;0.0002
69;-0.0048;0.0001;0.0053;0.0002
69;0.0;-0.0001;0.0;0.0009
69;0.0;0.0019;0.0;-0.0012
69;0.0004;0.0001;0.0;0.0002
69;0.0002;0.0006;0.0;0.0
69;0.0002;-0.0007;0.0013;0.0
69;0.0007;0.0007;0.0006;-0.0012
69;0.0022;0.0004;-0.0018;0.0
70;-0.002;0.0029;0.0004;-0.0006
70;0.0002;-0.0009;0.0001;0.0013
70;-0.0006;0.0;0.0012;0.0001
70;0.0;0.0005;0.0;0.0002
70;0.0001;0.0004;0.0002;0.0
70;0.0001;0.0034;0.0001;-0.0029
70;0.0001;0.0007;0.0;-0.0001
70;-0.0002;0.0;0.0009;0.0
70;0.0001;-0.0004;0.0002;0.0008
70;0.0;0.0007;0.0;0.0
70;-0.0017;0.0002;0.002;0.0002
70;0.0;0.0;0.0002;0.0005
70;-0.003;0.0057;-0.0019;0.0
70;-0.0097;0.0;0.0104;0.0001
70;0.0;-0.0004;0.0;0.0011
70;0.0;0.002;0.0;-0.0013
70;0.0004;0.0;0.0;0.0003
70;0.0;0.0002;0.0005;0.0
70;0.0001;-0.0082;0.0002;0.0086
70;0.0002;0.0012;0.0;-0.0007
70;0.0016;0.0001;-0.001;0.0
71;-0.003;0.0021;0.0001;0.0014
71;0.0;0.001;0.0002;-0.0006
71;-0.0004;0.0001;0.001;0.0
71;-0.0009;0.001;0.0;0.0005
71;0.0001;0.0002;0.0001;0.0003
71;0.0;0.0;0.0004;0.0002
71;0.0007;0.0004;0.0003;-0.0007
71;-0.0064;0.0;0.0067;0.0003
71;0.0004;0.0;0.0001;0.0001
71;0.0;0.0003;0.0;0.0003
71;-0.0027;0.0001;0.0027;0.0005
71;0.0001;-0.0003;0.0002;0.0006
71;-0.0029;0.0033;0.0;0.0003
71;0.0004;0.0001;0.0;0.0001
71;0.0002;-0.0009;0.0001;0.0012
71;0.0;0.0301;0.0;-0.0294
71;0.0004;0.0001;0.0;0.0001
71;-0.0035;0.0005;0.0037;0.0
71;0.0;0.0078;0.0009;-0.008
71;0.0003;0.001;0.0003;-0.001
71;-0.0033;0.0002;0.0037;0.0
72;0.0;0.0034;0.0002;-0.003
72;0.0;-0.0017;0.0001;0.0022
72;0.0003;0.0001;0.0;0.0002
72;-0.0016;0.0006;0.0013;0.0003
72;0.0001;-0.0012;0.0;0.0017
72;0.0001;0.0429;0.0001;-0.0424
72;0.0005;-0.0385;0.0;0.0387
72;-0.0477;0.0;0.0483;0.0
72;0.0002;0.0;0.0;0.0004
72;0.0002;0.0002;0.0;0.0003
72;-0.0004;0.0;0.001;0.0
72;0.0003;0.0001;0.0;0.0002
72;0.0;0.004;-0.0036;0.0003
72;0.0005;0.0;0.0;0.0001
72;0.0;-0.0002;0.0001;0.0007
72;0.0;-0.0458;0.0001;0.0463
72;0.0003;0.0;0.0;0.0003
72;0.1272;0.0001;-0.1267;0.0
72;0.0003;-0.1179;0.0002;0.1181
72;0.0002;0.0796;0.0;-0.0791
72;0.1295;0.0001;-0.1291;0.0001
76;-0.0025;0.0024;0.0001;0.0007
76;0.0003;-0.001;0.0;0.0014
76;0.0001;0.0002;0.0001;0.0003
76;0.0002;0.0012;-0.0012;0.0005
76;0.0001;-0.0008;0.0001;0.0013
76;0.0;0.0023;0.0001;-0.0017
76;0.0001;0.0;0.0;0.0006
76;0.0;0.0;0.0007;0.0
76;0.0001;-0.0003;0.0001;0.0008
76;0.0;0.0007;0.0;0.0
76;-0.0011;0.0;0.0017;0.0001
76;0.0;-0.001;0.0008;0.0008
76;-0.0049;0.0041;0.0014;0.0001
76;-0.0029;0.0003;0.0031;0.0001
76;0.0003;-0.0002;0.0;0.0006
76;0.0;0.0011;0.0003;-0.0008
76;0.0001;0.0004;0.0;0.0001
76;0.0;0.0004;0.0003;0.0
76;0.0;0.0;0.0007;-0.0001
76;0.0;0.0016;0.0;-0.0009
76;0.0024;0.0;-0.0017;0.0
77;-0.0037;0.001;0.0015;0.0022
77;0.0002;0.0;0.0003;0.0005
77;0.0555;0.0006;-0.0552;0.0001
77;-0.004;0.0011;0.0032;0.0007
77;0.0002;-0.0494;0.0002;0.05
77;0.0001;0.035;0.0;-0.0341
77;0.0014;0.0062;0.0;-0.0066
77;-0.1474;0.0001;0.1483;0.0
77;0.0;-0.0519;0.0002;0.0527
77;0.0;0.001;0.0;0.0
77;-0.0021;0.0002;0.0029;0.0
77;0.0001;-0.0;0.0003;0.0006
77;0.0002;0.0006;0.0;0.0002
77;0.0008;0.0001;0.0;0.0001
77;0.0002;0.0;0.0;0.0008
77;0.0;0.0;0.0;0.001
77;0.0009;0.0001;-0.0002;0.0001
77;0.0006;0.0002;0.0;0.0001
77;0.0001;-0.0443;0.0005;0.0447
77;0.0012;-0.0018;0.0014;0.0002
77;0.0009;0.0001;-0.0001;0.0001
78;0.0;0.0013;0.0019;-0.0022
78;0.0;-0.007;0.0005;0.0075
78;0.0;0.0007;0.0;0.0002
78;-0.006;0.0018;0.0039;0.0012
78;0.0;-0.0008;0.0009;0.0008
78;0.0;0.0458;0.0001;-0.045
78;0.0002;-0.0312;0.0003;0.0317
78;-0.253;0.0;0.254;0.0
78;0.0;-0.229;0.0004;0.2296
78;0.0;0.0008;0.0001;0.0
78;-0.0014;0.0002;0.0021;0.0
78;0.0004;0.0;0.0004;0.0002
78;-0.0083;0.009;0.0;0.0002
78;-0.3724;0.0;0.3733;0.0
78;0.0001;0.0004;0.0;0.0004
78;0.0001;-0.1734;0.0001;0.1742
78;0.0013;0.0001;-0.0004;0.0
78;0.1446;0.0;-0.1455;0.0018
78;0.0002;-0.1593;0.0003;0.1598
78;0.0009;0.088;0.0117;-0.0997
78;0.0009;0.0;0.0;0.0
79;-0.0007;0.0038;0.0006;-0.0007
79;0.0002;-0.0037;0.0005;0.0059
79;0.0;0.0006;0.002;0.0003
79;-0.0006;0.0018;0.0;0.0017
79;0.0;-0.0002;0.0003;0.0028
79;0.0;-0.0045;0.0002;0.0072
79;0.0004;0.0024;0.0001;0.0
79;-0.1819;0.0001;0.1847;0.0
79;0.0;-0.0378;0.0003;0.0404
79;0.0;0.0;0.0;0.0029
79;-0.0037;0.0;0.0066;0.0
79;0.0002;0.0009;0.0002;0.0016
79;0.0;0.0077;-0.0054;0.0006
79;-0.1499;0.0;0.1528;0.0
79;0.0;0.0;0.0;0.0029
79;0.0002;-0.0531;0.0008;0.055
79;0.0005;0.0;0.0023;0.0001
79;-0.0291;0.0002;0.0316;0.0001
79;0.0002;-0.1357;0.0023;0.1361
79;0.0015;0.0769;0.005;-0.0805
79;-0.0705;0.0001;0.0733;0.0
80;-0.0016;0.002;0.0004;0.0
80;0.0001;-0.0047;0.0001;0.0053
80;-0.0006;0.0;0.0013;0.0002
80;-0.0021;0.0016;0.0001;0.0012
80;0.0;-0.002;0.0005;0.0024
80;0.0002;0.0037;0.0001;-0.0032
80;0.0001;0.0003;0.0003;0.0002
80;-0.0009;0.0;0.0018;0.0
80;0.0;0.0;0.0001;0.0007
80;0.0001;0.0003;0.0002;0.0002
80;-0.0012;0.0004;0.0015;0.0001
80;0.0004;-0.0004;0.0001;0.0007
80;-0.0139;0.0138;0.0;0.0009
80;-0.0125;0.0001;0.0131;0.0001
80;0.0;-0.0001;0.0;0.0009
80;0.0;0.0008;0.0;0.0
80;0.0008;0.0001;-0.0001;0.0
80;0.0027;0.0004;-0.0023;0.0
80;0.0;-0.0007;0.0009;0.0006
80;0.0013;-0.0003;0.0;-0.0002
80;0.0001;0.0007;0.0;0.0
81;0.0;0.0008;0.0015;-0.0005
81;0.0001;-0.0017;0.0003;0.0031
81;0.0;0.0003;0.0013;0.0002
81;0.0005;0.0011;-0.0014;0.0016
81;0.0;-0.0011;0.0003;0.0026
81;0.0001;-0.0024;0.0;0.0041
81;0.0011;-0.0066;0.0001;0.0072
81;-0.0123;0.0;0.0141;0.0
81;0.0001;0.0014;0.0003;0.0
81;0.0;0.0;0.0001;0.0017
81;-0.0001;0.0002;0.0017;0.0
81;0.0;-0.002;0.0004;0.0034
81;0.0;0.0011;0.0;0.0007
81;0.0017;0.0001;0.0;0.0
81;0.0;-0.0006;0.0;0.0024
81;0.0;0.0002;0.0001;0.0015
81;0.0023;0.0001;-0.0006;0.0
81;-0.072;0.0001;0.0734;0.0002
81;0.0002;0.0114;0.0005;-0.0104
81;0.0015;0.0136;0.0018;-0.0151
81;-0.075;0.0003;0.0764;0.0
83;-0.0022;0.0033;0.0003;0.0
83;0.0002;-0.0039;0.0;0.0051
83;0.0044;0.0005;-0.004;0.0004
83;0.001;0.0011;-0.0019;0.0012
83;0.0;0.0014;0.0002;-0.0002
83;0.0002;0.001;0.0002;0.0
83;0.0007;0.0004;0.0003;0.0
83;-0.0256;0.0;0.0269;0.0001
83;0.0001;-0.0045;0.0;0.0058
83;0.0;0.0011;0.0003;0.0
83;-0.0033;0.0009;0.0039;0.0
83;0.0007;-0.0;0.0;0.0007
83;-0.013;0.0139;0.0;0.0006
83;0.0014;0.0;0.0;0.0
83;0.0;0.0006;0.0;0.0008
83;0.0002;-0.0011;0.0004;0.0018
83;0.0014;0.0;0.0;0.0
83;-0.0122;0.0001;0.0135;0.0
83;0.0003;-0.007;0.0011;0.007
83;0.0016;0.0165;0.0045;-0.0212
83;0.0136;0.001;-0.0134;0.0001
84;-0.0007;0.0027;0.0008;-0.0001
84;0.0002;-0.0036;0.0004;0.0056
84;0.0;0.0004;0.0017;0.0006
84;0.0013;0.0011;-0.0013;0.0016
84;0.0002;-0.0022;0.0003;0.0044
84;0.0;0.0027;0.0;0.0
84;0.0011;0.0015;0.0002;-0.0001
84;-0.1042;0.0001;0.1066;0.0001
84;0.0001;-0.0234;0.0001;0.0259
84;0.0003;0.0024;0.0;0.0
84;0.0005;0.0;0.0019;0.0002
84;0.0002;-0.0006;0.0003;0.0028
84;-0.0043;0.007;0.0;0.0
84;0.0024;0.0;0.0;0.0003
84;0.0001;-0.0008;0.0;0.0034
84;0.0003;-0.002;0.0004;0.004
84;0.0024;0.0;0.0;0.0003
84;-0.0274;0.0001;0.0298;0.0001
84;0.0002;0.0;0.0012;0.0013
84;0.0013;0.0152;0.0048;-0.0187
84;0.009;0.0004;-0.0068;0.0
85;0.0;0.0017;0.0005;-0.0004
85;0.0001;-0.0069;0.0005;0.008
85;0.0003;0.0002;0.0004;0.0009
85;-0.0018;0.0026;-0.0007;0.0016
85;0.0;-0.0043;0.0005;0.0055
85;0.0;0.0044;0.0001;-0.0027
85;0.0;0.0002;0.0;0.0015
85;-0.0483;0.0001;0.0499;0.0001
85;0.0;0.0;0.0;0.0018
85;0.0;0.0017;0.0001;0.0
85;-0.0003;0.0;0.0021;0.0
85;0.0001;-0.0004;0.0007;0.0013
85;-0.0101;0.017;-0.006;0.0008
85;-0.0133;0.0;0.015;0.0001
85;0.0002;-0.0007;0.0;0.0023
85;0.0002;-0.0052;0.0001;0.0066
85;0.0017;0.0;0.0;0.0001
85;0.01;0.0006;-0.0087;0.0
85;0.0002;-0.0052;0.0006;0.0062
85;0.0005;0.0035;0.0003;-0.0026
85;0.0;0.0003;0.0015;0.0
86;0.0032;0.0012;0.0017;-0.0021
86;0.0024;-0.0048;0.0001;0.0063
86;-0.025;0.0001;0.0286;0.0002
86;0.0002;0.0004;0.0026;0.0008
86;0.0001;0.0287;0.0001;-0.0249
86;0.0002;-0.0053;0.0001;0.009
86;0.0004;-0.0183;0.0002;0.0217
86;0.0296;0.0;-0.0256;0.0
86;0.0001;0.0;0.0003;0.0036
86;0.0;0.004;0.0;0.0
86;-0.0076;0.0;0.0115;0.0
86;0.0003;-0.0035;0.0006;0.0067
86;0.0;0.0069;-0.0036;0.0007
86;0.0;0.0001;0.0039;0.0
86;0.0001;0.0;0.0;0.0039
86;0.0002;0.0036;0.0002;0.0
86;0.0125;0.0;-0.0085;0.0
86;0.1036;0.0;-0.0997;0.0001
86;0.0001;-0.0338;0.0002;0.0374
86;0.0;0.0259;0.0072;-0.0291
86;-0.0775;0.0;0.0814;0.0001
87;0.0;0.0044;0.0004;-0.0038
87;0.0002;-0.0028;0.0003;0.0033
87;0.0;0.0;0.0009;0.0001
87;-0.0012;0.0007;0.0005;0.001
87;0.0001;0.0;0.0004;0.0005
87;0.0;0.0049;0.0002;-0.0041
87;0.0006;-0.0024;0.0003;0.0025
87;0.0319;0.0;-0.0309;0.0
87;0.0002;0.0008;0.0;0.0
87;0.0;0.0002;0.0;0.0008
87;-0.0385;0.0003;0.0392;0.0
87;0.0002;-0.02;0.0018;0.0189
87;0.0;0.0163;-0.0166;0.0013
87;-0.0754;0.0;0.0764;0.0
87;0.0001;0.0002;0.0001;0.0006
87;0.0;-0.0469;0.0;0.0479
87;0.0296;0.0;-0.0288;0.0002
87;0.1339;0.0001;-0.1331;0.0001
87;0.0001;-0.0581;0.0005;0.0585
87;0.0006;-0.0021;0.003;-0.0004
87;0.0576;0.0;-0.0566;0.0
90;0.0;0.0031;0.0006;-0.0029
90;0.0002;-0.0046;0.0005;0.0048
90;-0.0041;0.0004;0.0043;0.0002
90;-0.0012;0.0014;-0.0004;0.001
90;0.0002;0.0;0.0004;0.0002
90;0.0;-0.0022;0.0;0.003
90;0.0003;0.0002;0.0001;0.0002
90;-0.0041;0.0;0.0049;0.0
90;0.0001;0.002;0.0001;-0.0014
90;0.0;0.0005;0.0;0.0003
90;-0.002;0.0;0.0026;0.0002
90;0.0008;-0.0014;0.0012;0.0001
90;0.0;0.0092;-0.009;0.0007
90;0.0006;0.0001;0.0;0.0001
90;0.0002;0.0003;0.0;0.0003
90;0.0001;-0.0038;0.0001;0.0044
90;0.0005;0.0;0.0;0.0003
90;-0.0321;0.0005;0.0325;0.0
90;0.0;-0.0505;0.0008;0.0506
90;0.0017;0.0;0.0004;-0.0013
90;-0.0261;0.0004;0.0263;0.0002
91;-0.0054;0.0006;0.0034;0.0037
91;0.0003;0.0018;0.0003;-0.0001
91;0.0026;0.0005;-0.001;0.0002
91;0.0;0.001;0.0003;0.001
91;0.0001;0.0;0.0004;0.0018
91;0.0002;-0.003;0.0001;0.005
91;0.0009;0.0012;0.0002;0.0
91;-0.5351;0.0001;0.5373;0.0
91;0.0001;-0.0074;0.0;0.0096
91;0.0001;0.0022;0.0;0.0
91;-0.0;0.0;0.0023;0.0
91;0.0002;0.0012;0.0002;0.0006
91;0.0;0.0021;0.0;0.0002
91;-0.0459;0.0;0.0482;0.0
91;0.0001;0.0012;0.0;0.001
91;0.0003;-0.2189;0.0007;0.2202
91;0.0024;0.0;-0.0001;0.0
91;-0.3081;0.0;0.3094;0.001
91;0.001;0.1876;0.0019;-0.1882
91;0.0005;0.0197;0.0005;-0.0184
91;-0.2898;0.0;0.2921;0.0
92;0.0021;0.0011;0.0019;-0.0044
92;0.0;-0.0034;0.0;0.0041
92;0.0907;0.0001;-0.0905;0.0004
92;-0.004;0.0002;0.0039;0.0006
92;0.0001;-0.0846;0.0001;0.0851
92;0.0001;0.0911;0.0002;-0.0907
92;0.0007;-0.0001;0.0001;0.0
92;-0.4697;0.0;0.4704;0.0
92;0.0002;-0.0582;0.0001;0.0586
92;0.0;0.0005;0.0;0.0002
92;-0.0011;0.0;0.0015;0.0003
92;0.0001;0.0003;0.0;0.0003
92;0.0751;0.001;-0.0756;0.0002
92;-0.1783;0.0002;0.1786;0.0002
92;0.0;0.0;0.0;0.0007
92;0.0001;-0.1008;0.0;0.1014
92;0.0013;0.0;-0.0006;0.0
92;0.0;0.0001;0.0;0.0006
92;0.0;-0.0331;0.0005;0.0333
92;0.0003;0.0;0.0003;-0.0
92;0.0313;0.0002;-0.0308;0.0
93;-0.0033;0.0001;0.0012;0.0024
93;0.0;-0.0013;0.0001;0.0016
93;0.0017;0.0004;-0.0017;0.0
93;0.0;0.0003;-0.0007;0.0008
93;0.0;0.0002;0.0002;0.0
93;0.0;-0.0019;0.0;0.0023
93;0.0006;-0.0007;0.0;0.0005
93;-0.0104;0.0;0.0107;0.0001
93;0.0;0.0004;0.0;0.0
93;0.0;0.0003;0.0001;0.0
93;-0.0014;0.0002;0.0014;0.0002
93;0.0001;0.0;0.0001;0.0001
93;0.0002;0.0001;0.0;0.0001
93;0.0004;0.0;0.0;0.0
93;0.0;-0.0001;0.0;0.0005
93;0.0;0.0049;0.0001;-0.0047
93;0.0005;0.0;-0.0001;0.0
93;-0.0035;0.0;0.0035;0.0004
93;0.0002;0.0003;0.0004;-0.0006
93;0.0;0.0029;0.0;-0.0025
93;-0.0037;0.0002;0.0039;0.0
94;0.0;0.0027;0.0003;-0.0026
94;0.0001;-0.0042;0.0005;0.004
94;0.0513;0.0002;-0.0511;0.0001
94;-0.0033;0.001;0.0021;0.0006
94;0.0;-0.0526;0.0002;0.0528
94;0.0;0.0554;0.0001;-0.055
94;0.0003;0.0;0.0;0.0001
94;-0.0233;0.0;0.0237;0.0
94;0.0001;-0.0033;0.0001;0.0035
94;0.0;0.0004;0.0;0.0
94;-0.0022;0.0002;0.0019;0.0005
94;0.0;0.0;0.0001;0.0003
94;0.0289;0.006;-0.0348;0.0002
94;-0.0371;0.0;0.0375;0.0
94;0.0001;-0.0013;0.0001;0.0015
94;0.0;0.0;0.0002;0.0002
94;0.0006;0.0;-0.0002;0.0
94;0.0004;0.0003;-0.0002;0.0
94;0.0005;-0.0656;0.0014;0.0641
94;0.0012;0.0079;0.0008;-0.0095
94;0.0103;0.0002;-0.0101;0.0
95;-0.0036;0.0003;0.0012;0.0029
95;0.0002;-0.0007;0.0002;0.0011
95;0.0018;0.0004;-0.0017;0.0003
95;0.0005;0.0008;-0.0009;0.0004
95;0.0002;0.0025;0.0001;-0.002
95;0.0001;-0.0018;0.0001;0.0024
95;0.0009;-0.0001;0.0;0.0
95;-0.0221;0.0003;0.0226;0.0
95;0.0001;-0.0008;0.0001;0.0014
95;0.0;0.0004;0.0001;0.0002
95;-0.0003;0.0;0.0011;0.0
95;0.0;0.0005;0.0;0.0003
95;-0.0009;0.001;0.0;0.0007
95;0.0007;0.0;0.0;0.0001
95;0.0;0.0;0.0;0.0008
95;0.0;0.003;0.0;-0.0022
95;0.0004;0.0;0.0004;0.0
95;-0.0015;0.0;0.0022;0.0001
95;0.0;-0.0001;0.0009;0.0
95;0.0005;0.0015;0.0002;-0.0014
95;-0.0013;0.0;0.0019;0.0002
96;-0.0016;0.0019;0.0002;-0.0001
96;0.0003;-0.0013;0.0002;0.0012
96;-0.0003;0.0004;0.0;0.0003
96;-0.0017;0.0011;0.0003;0.0007
96;0.0;-0.0009;0.0001;0.0012
96;0.0;0.0008;0.0001;-0.0005
96;0.0003;-0.0;0.0001;0.0
96;-0.0007;0.0;0.0011;0.0
96;0.0;0.0008;0.0001;-0.0005
96;0.0001;0.0002;0.0;0.0
96;-0.0015;0.0005;0.001;0.0003
96;0.0;0.0002;0.0;0.0001
96;0.0;0.0081;-0.0078;0.0001
96;0.0003;0.0;0.0;0.0001
96;0.0001;-0.001;0.0001;0.0012
96;0.0001;-0.0;0.0001;0.0002
96;0.0005;0.0001;-0.0005;0.0002
96;0.0;0.0003;0.0001;0.0
96;0.0;-0.0004;0.0006;0.0002
96;0.0006;0.0;0.0006;-0.0008
96;0.002;0.0;-0.0016;0.0
97;-0.0016;0.0024;0.0002;-0.0001
97;0.0;-0.0008;0.0002;0.0015
97;0.0;0.0001;0.0007;0.0001
97;0.0009;0.0004;-0.0006;0.0002
97;0.0;0.0;0.0002;0.0007
97;0.0001;0.0007;0.0003;-0.0002
97;0.0005;0.0;0.0003;0.0001
97;-0.0017;0.0;0.0026;0.0
97;0.0005;0.0006;0.0;-0.0002
97;0.0;0.0005;0.0001;0.0003
97;-0.0007;0.0;0.0014;0.0001
97;0.0002;0.0004;0.0001;0.0001
97;0.0;0.006;-0.0052;0.0001
97;0.0009;0.0;0.0;0.0
97;0.0001;-0.0;0.0001;0.0007
97;0.0;0.001;0.0001;-0.0002
97;0.001;0.0;-0.0004;0.0002
97;-0.0004;0.0004;0.0005;0.0004
97;0.0002;0.0005;0.0006;-0.0004
97;0.0005;0.0004;0.0;0.0
97;0.001;0.0005;-0.0006;0.0
98;-0.0018;0.0002;0.0009;0.0011
98;0.0002;-0.0013;0.0001;0.0014
98;0.0025;0.0003;-0.0024;0.0
98;0.0;0.0003;0.0;0.0001
98;0.0001;0.0005;0.0003;-0.0005
98;0.0;-0.0015;0.0001;0.0018
98;0.0006;-0.0016;0.0;0.0014
98;-0.0194;0.0002;0.0196;0.0
98;0.0002;0.0002;0.0;0.0
98;0.0002;0.0002;0.0;0.0
98;-0.0019;0.0;0.0023;0.0
98;0.0;-0.0003;0.0002;0.0005
98;0.0;0.0006;-0.0004;0.0002
98;0.0003;0.0001;0.0;0.0
98;0.0001;-0.0;0.0;0.0003
98;0.0;0.0052;0.0;-0.0048
98;0.0001;0.0;0.0003;0.0
98;-0.0037;0.0001;0.0038;0.0001
98;0.0;0.0004;0.0002;-0.0002
98;0.0;0.0015;0.0;-0.0011
98;-0.0035;0.0;0.0039;0.0
99;-0.0016;0.0033;0.0012;-0.0024
99;0.0001;-0.0023;0.0003;0.0024
99;0.1114;0.0004;-0.1115;0.0002
99;-0.0002;0.0004;0.0;0.0003
99;0.0;-0.11;0.0002;0.1103
99;0.0003;0.1096;0.0002;-0.1096
99;0.0003;0.0;0.0002;0.0
99;-0.4766;0.0001;0.477;0.0
99;0.0002;-0.0028;0.0;0.0031
99;0.0;0.0003;0.0;0.0002
99;-0.001;0.0;0.0015;0.0
99;0.0;0.0001;0.0;0.0004
99;0.135;0.0057;-0.1407;0.0005
99;0.0005;0.0;0.0;0.0
99;0.0;-0.0007;0.0001;0.0011
99;0.0;0.0;0.0;0.0005
99;0.0018;0.0002;-0.0023;0.0008
99;0.0147;0.0;-0.0146;0.0003
99;0.0006;-0.1107;0.0006;0.1099
99;0.0008;0.0001;0.0001;-0.0005
99;0.0411;0.0001;-0.0408;0.0001
SB-new-120-22;0.0;0.0038;0.0014;-0.0042
SB-new-120-22;0.0005;-0.0018;0.0006;0.0016
SB-new-120-22;-0.0001;0.0002;0.0005;0.0004
SB-new-120-22;-0.0017;0.0007;0.0009;0.0011
SB-new-120-22;0.0007;-0.0004;0.0002;0.0005
SB-new-120-22;0.0002;0.2027;0.0002;-0.2021
SB-new-120-22;0.0009;-0.1984;0.0003;0.1982
SB-new-120-22;0.0;0.0001;0.0008;0.0001
SB-new-120-22;0.0003;-0.2035;0.0001;0.2041
SB-new-120-22;0.0004;0.0006;0.0;0.0
SB-new-120-22;-0.0023;0.0;0.0031;0.0002
SB-new-120-22;0.0;0.0;0.0;0.001
SB-new-120-22;0.0;0.0094;-0.0089;0.0004
SB-new-120-22;-0.0529;0.0016;0.0523;0.0
SB-new-120-22;0.0009;-0.0005;0.0002;0.0004
SB-new-120-22;0.0002;0.0021;0.0006;-0.002
SB-new-120-22;0.0008;0.0;0.0002;0.0
SB-new-120-22;0.0;0.001;-0.0;0.0
SB-new-120-22;0.0007;-0.2297;0.0014;0.2286
SB-new-120-22;0.0014;0.1697;0.0007;-0.1708
SB-new-120-22;0.0303;0.0007;-0.0301;0.0
SB-old-116-22;0.0012;0.0011;0.0009;-0.0018
SB-old-116-22;0.0002;-0.0024;0.0005;0.0031
SB-old-116-22;0.0;0.0003;0.0003;0.0008
SB-old-116-22;-0.0026;0.0016;0.0003;0.0021
SB-old-116-22;0.0007;-0.0006;0.0002;0.0011
SB-old-116-22;0.0001;0.0048;0.0;-0.0035
SB-old-116-22;0.0008;0.0;0.0005;0.0001
SB-old-116-22;-0.0002;0.0001;0.0014;0.0001
SB-old-116-22;0.0001;0.0;0.0;0.0013
SB-old-116-22;0.0;0.0014;0.0;0.0
SB-old-116-22;0.0003;0.0;0.0011;0.0
SB-old-116-22;0.0008;-0.0019;0.0004;0.0021
SB-old-116-22;-0.0136;0.0133;0.0;0.0017
SB-old-116-22;-0.2062;0.0;0.2071;0.0005
SB-old-116-22;0.0006;0.0;0.0003;0.0005
SB-old-116-22;0.0004;0.0032;0.0037;-0.0059
SB-old-116-22;0.0014;0.0;-0.0;0.0
SB-old-116-22;0.493;0.0031;-0.4952;0.0004
SB-old-116-22;0.0006;-0.4963;0.0072;0.4899
SB-old-116-22;0.0;0.5097;0.0012;-0.5095
SB-old-116-22;0.4978;0.0006;-0.4976;0.0006
SU-new-121-22;0.0001;0.0002;0.0022;-0.0009
SU-new-121-22;0.0007;0.0;0.0002;0.0007
SU-new-121-22;0.0012;0.0002;0.0;0.0002
SU-new-121-22;0.0001;0.0006;-0.0005;0.0014
SU-new-121-22;0.0004;-0.0006;0.0005;0.0013
SU-new-121-22;0.0005;0.0787;0.0002;-0.0779
SU-new-121-22;0.0013;-0.0745;0.0003;0.0744
SU-new-121-22;0.0001;0.0001;0.0014;0.0
SU-new-121-22;0.0001;-0.0725;0.0;0.074
SU-new-121-22;0.0;0.0013;0.0;0.0003
SU-new-121-22;0.0006;0.0;0.0009;0.0
SU-new-121-22;0.0004;-0.0002;0.0004;0.0011
SU-new-121-22;0.0;0.0111;-0.0099;0.0003
SU-new-121-22;-0.5013;0.0;0.5024;0.0005
SU-new-121-22;0.0001;-0.0007;0.0003;0.0018
SU-new-121-22;0.0001;0.0044;0.0015;-0.0044
SU-new-121-22;0.001;0.0;0.0;0.0005
SU-new-121-22;0.0673;0.0006;-0.0676;0.0012
SU-new-121-22;0.0;0.0045;0.0;-0.0029
SU-new-121-22;0.0019;0.1212;0.0619;-0.1833
SU-new-121-22;0.1168;0.0;-0.1152;0.0
SU-old-117-22;0.0029;0.0003;0.0013;-0.0032
SU-old-117-22;0.0004;-0.0045;0.0006;0.0048
SU-old-117-22;0.0;0.0;0.0009;0.0004
SU-old-117-22;-0.0033;0.0002;0.0036;0.0008
SU-old-117-22;0.0002;0.0;0.0004;0.0007
SU-old-117-22;0.0;0.1967;0.0002;-0.1956
SU-old-117-22;0.0015;-0.1939;0.0;0.1937
SU-old-117-22;-0.0001;0.0;0.0013;0.0001
SU-old-117-22;0.0001;-0.1971;0.0002;0.1981
SU-old-117-22;0.0;0.001;0.0;0.0002
SU-old-117-22;-0.0;0.0;0.0011;0.0003
SU-old-117-22;0.0003;-0.0004;0.0006;0.0009
SU-old-117-22;0.0;0.0087;-0.0076;0.0003
SU-old-117-22;-0.5064;0.0002;0.5073;0.0002
SU-old-117-22;0.0005;0.0006;0.0;0.0002
SU-old-117-22;0.0;0.0028;0.0007;-0.0022
SU-old-117-22;0.0012;0.0;-0.0003;0.0004
SU-old-117-22;0.3619;0.0006;-0.3619;0.0007
SU-old-117-22;0.0;0.0;0.0009;0.0004
SU-old-117-22;0.0009;0.3833;0.0218;-0.4047
SU-old-117-22;0.3799;0.0005;-0.3791;0.0
Gyp_MinION;-0.0252;0.0024;0.0014;0.0223
Gyp_MinION;0.0009;-0.0212;0.0025;0.0187
Gyp_MinION;-0.002;0.0004;0.0024;0.0001
Gyp_MinION;-0.0027;0.0002;0.0;0.0033
Gyp_MinION;0.0004;0.0;0.0004;0.0
Gyp_MinION;0.0;-0.0025;0.0001;0.0033
Gyp_MinION;0.0006;0.0444;0.0005;-0.0447
Gyp_MinION;-0.0201;0.0;0.0195;0.0014
Gyp_MinION;0.0032;0.0;0.0;-0.0023
Gyp_MinION;0.0002;0.0005;0.0001;0.0
Gyp_MinION;-0.0041;0.0008;0.0033;0.001
Gyp_MinION;0.0;0.0004;0.0;0.0005
Gyp_MinION;0.1003;0.0027;-0.1023;0.0001
Gyp_MinION;0.0;0.0001;0.0;0.0008
Gyp_MinION;0.0001;-0.0127;0.0002;0.0132
Gyp_MinION;0.0005;-0.0364;0.0007;0.036
Gyp_MinION;0.0067;0.0007;-0.007;0.0005
Gyp_MinION;-0.2258;0.0018;0.2241;0.0009
Gyp_MinION;0.0003;-0.1502;0.0002;0.1506
Gyp_MinION;0.0009;0.0023;0.0002;-0.0026
Gyp_MinION;-0.3156;0.0007;0.3154;0.0004
Gyp;0.002;0.0;0.0;-0.0009
Gyp;0.0008;-0.0013;0.0004;0.0012
Gyp;-0.0001;0.0;0.0;0.0012
Gyp;0.0007;0.0;0.0;0.0004
Gyp;0.0004;-0.0003;0.0008;0.0003
Gyp;0.0011;-0.0049;0.0;0.0048
Gyp;0.0008;0.0261;0.0;-0.0258
Gyp;-0.0123;0.0019;0.0105;0.0009
Gyp;0.0018;0.0046;0.0009;-0.0063
Gyp;0.001;-0.0004;0.0005;0.0
Gyp;-0.0001;0.0;0.0;0.0012
Gyp;0.0006;0.0005;0.0;0.0
Gyp;0.1115;0.0028;-0.1146;0.0014
Gyp;-0.0011;0.0;0.0;0.0022
Gyp;0.0;0.0;0.0;0.0011
Gyp;0.0031;-0.0268;0.0031;0.0217
Gyp;0.0;0.0007;0.0004;0.0
Gyp;-0.2525;0.0094;0.2442;0.0
Gyp;0.0;-0.1942;0.005;0.1903
Gyp;0.0023;0.0;0.0006;-0.0018
Gyp;-0.3228;0.0039;0.3183;0.0017
SZ_MinION;0.0;0.0017;0.0032;0.0012
SZ_MinION;0.0016;-0.0608;0.0059;0.0593
SZ_MinION;0.0145;0.0003;-0.0096;0.0008
SZ_MinION;-0.0325;0.0001;-0.007;0.0455
SZ_MinION;0.0003;-0.0484;0.0007;0.0534
SZ_MinION;0.0001;0.0057;0.0002;0.0
SZ_MinION;0.0002;0.0722;0.0002;-0.0666
SZ_MinION;0.0372;0.0002;-0.035;0.0036
SZ_MinION;0.0045;0.001;0.0001;0.0004
SZ_MinION;0.0001;0.0053;0.0002;0.0004
SZ_MinION;-0.6499;0.0002;0.6547;0.001
SZ_MinION;0.0001;-0.5666;0.0017;0.5708
SZ_MinION;0.1685;0.0129;-0.1753;0.0
SZ_MinION;-0.8129;0.0002;0.8186;0.0001
SZ_MinION;0.0;0.0005;0.0001;0.0054
SZ_MinION;0.0006;-0.1536;0.0014;0.1576
SZ_MinION;0.6831;0.0011;-0.6799;0.0017
SZ_MinION;0.813;0.0009;-0.8094;0.0016
SZ_MinION;0.0006;0.0018;0.0004;0.0032
SZ_MinION;0.0004;-0.677;0.0;0.6826
SZ_MinION;0.1142;0.0008;-0.1094;0.0005
SB;0.0;0.0004;0.0;0.0011
SB;0.0014;0.0022;0.0;-0.0022
SB;-0.0002;0.0007;-0.0004;0.0014
SB;-0.0008;0.0;0.0019;0.0004
SB;0.0011;0.0003;0.0;0.0001
SB;0.0004;0.006;0.0004;-0.0053
SB;0.0004;-0.0029;0.0;0.0039
SB;-0.0002;0.0004;0.0;0.0012
SB;0.0008;0.0;0.0;0.0006
SB;0.0014;0.0;0.0;0.0
SB;-0.0008;0.0;0.0009;0.0013
SB;0.0005;0.001;0.0;0.0
SB;0.0;0.0013;-0.0029;0.003
SB;0.0014;0.0;0.0;0.0
SB;0.0005;-0.0;0.001;0.0
SB;0.0009;0.0055;0.0024;-0.0074
SB;0.0005;0.0005;0.0004;0.0
SB;0.0049;0.0111;-0.0146;0.0
SB;0.0009;0.0003;0.0022;-0.0019
SB;0.0005;0.2932;0.0009;-0.2932
SB;-0.0032;0.0056;-0.0023;0.0014
SU_MinION;-0.0074;0.0004;0.0093;0.0
SU_MinION;0.0005;-0.0625;0.0099;0.0545
SU_MinION;0.0096;0.0002;-0.0084;0.0009
SU_MinION;-0.0617;0.0086;0.0535;0.002
SU_MinION;0.0008;-0.0015;0.0013;0.0018
SU_MinION;0.0004;0.1179;0.0;-0.116
SU_MinION;0.0005;-0.0997;0.0;0.1016
SU_MinION;0.0006;0.0;0.0005;0.0013
SU_MinION;0.0043;-0.0767;0.0005;0.0743
SU_MinION;0.0002;0.0006;0.0001;0.0014
SU_MinION;0.0;0.0002;0.0017;0.0004
SU_MinION;0.0;0.0018;0.0;0.0006
SU_MinION;-0.0031;0.0054;0.0;0.0001
SU_MinION;-0.4539;0.0004;0.454;0.0018
SU_MinION;0.0;-0.0044;0.0006;0.0062
SU_MinION;0.0002;0.0013;0.0005;0.0003
SU_MinION;0.0055;0.0003;-0.0042;0.0008
SU_MinION;0.1462;0.0021;-0.1475;0.0015
SU_MinION;0.0004;0.0613;0.0021;-0.0615
SU_MinION;0.0002;0.1473;0.0002;-0.1454
SU_MinION;0.1231;0.0;-0.1211;0.0003
SU;-0.0004;0.0;0.0;0.0018
SU;0.0009;-0.0002;0.0;0.0007
SU;0.0;0.0011;-0.0027;0.003
SU;0.0;0.0005;0.0003;0.0005
SU;0.0003;0.0014;0.0003;-0.0005
SU;0.0005;0.0;0.0003;0.0006
SU;0.0017;-0.0057;0.0;0.0054
SU;0.0001;0.0021;-0.002;0.0012
SU;0.0003;0.0182;0.0009;-0.018
SU;0.0;0.001;0.0004;0.0
SU;0.0006;0.0;0.0;0.0007
SU;0.0004;-0.0001;0.0011;0.0
SU;0.0;0.0003;0.0;0.001
SU;-0.4583;0.0;0.4593;0.0004
SU;0.0;-0.0001;0.0;0.0015
SU;0.0018;0.003;0.0018;-0.0052
SU;0.0;0.0;0.0009;0.0005
SU;0.0538;0.0117;-0.0646;0.0005
SU;0.0;0.0018;0.0012;-0.0016
SU;0.0016;-0.0107;0.0012;0.0093
SU;-0.0059;0.0028;0.0037;0.0008
SB_MinION;0.0;0.0013;0.0027;-0.0013
SB_MinION;0.0008;-0.0742;0.0071;0.0691
SB_MinION;0.0075;0.0007;-0.0066;0.0012
SB_MinION;-0.0561;0.0116;0.046;0.0011
SB_MinION;0.0006;0.0016;0.0006;0.0
SB_MinION;0.0001;0.1728;0.0;-0.1702
SB_MinION;0.0003;-0.1169;0.0001;0.1192
SB_MinION;0.0009;0.0004;0.0;0.0013
SB_MinION;0.0048;-0.1365;0.0012;0.1333
SB_MinION;0.0006;0.0021;0.0;0.0
SB_MinION;-0.0006;0.0001;0.0025;0.0006
SB_MinION;0.0002;0.0013;0.0;0.0012
SB_MinION;0.0;0.0051;-0.0031;0.0007
SB_MinION;-0.0943;0.0001;0.0951;0.0018
SB_MinION;0.0003;-0.023;0.0001;0.0253
SB_MinION;0.0004;-0.0011;0.001;0.0023
SB_MinION;0.0044;0.0018;-0.0038;0.0003
SB_MinION;0.0297;0.0017;-0.0291;0.0004
SB_MinION;0.0006;-0.134;0.002;0.1342
SB_MinION;0.0019;0.2726;0.0002;-0.272
SB_MinION;0.0022;0.0001;0.0;0.0004
SZ;0.0054;0.0;0.0;-0.004
SZ;0.0011;0.0003;0.0;0.0
SZ;-0.0047;0.0004;0.0057;0.0
SZ;0.0107;0.0;-0.0101;0.0007
SZ;0.0007;0.0084;0.0004;-0.0082
SZ;0.0007;-0.0083;0.0;0.0089
SZ;0.0016;0.0435;0.0;-0.0437
SZ;0.0406;0.0014;-0.0416;0.001
SZ;0.0003;0.0;0.0007;0.0003
SZ;0.0004;0.0009;0.0;0.0
SZ;-0.7097;0.0004;0.7089;0.0017
SZ;0.0009;-0.7091;0.0009;0.7087
SZ;-0.0359;0.0027;0.033;0.0015
SZ;-0.6638;0.0008;0.664;0.0004
SZ;0.0004;0.0001;0.0004;0.0004
SZ;0.0008;0.0529;0.0012;-0.0536
SZ;0.7153;0.0101;-0.724;0.0
SZ;0.6467;0.0118;-0.659;0.0018
SZ;0.0008;-0.0049;0.0054;0.0
SZ;0.0009;-0.7066;0.0026;0.7045
SZ;-0.0514;0.0025;0.0498;0.0004

