100;4072;20;8;5930
100;0;5910;3;4121
100;4028;1;5993;2
100;5943;1;4086;7
100;0;6012;1;4019
100;1;4071;1;5966
100;2;4043;2;6003
100;141;0;9907;1
100;2;9967;1;79
100;1;6650;0;0
100;4990;0;6;0
100;1;6011;0;3
100;3803;29;2794;0
100;9599;0;171;0
100;0;10023;0;4
100;0;4107;0;5758
100;29;0;9582;1
100;5490;4;3391;3
100;1;84;1;10006
100;1;10126;0;4
100;4471;0;5663;0
101;5582;17;8;4435
101;1;4426;3;5610
101;5559;3;4458;3
101;4436;5;5600;6
101;1;4480;1;5562
101;1;5591;0;4456
101;4;5587;2;4465
101;260;1;9808;1
101;2;10046;0;24
101;0;8563;1;5
101;6337;0;7;2
101;1;7679;0;1
101;5290;37;3204;4
101;9493;0;310;0
101;3;10013;0;11
101;2;3952;1;5923
101;9;1;9579;2
101;4090;3;4472;3
101;0;24;6;6502
101;5;6575;2;17
101;3714;3;2884;1
102;7438;11;35;2552
102;4;2545;1;7484
102;7450;5;2559;1
102;2563;1;7471;9
102;1;2621;0;7420
102;2;7461;2;2579
102;7;7478;0;2576
102;467;2;9617;0
102;2;10070;2;12
102;0;6153;0;2
102;4694;0;6;0
102;0;5541;1;1
102;2269;10;3845;1
102;9639;0;136;1
102;1;10009;1;9
102;0;5892;2;3957
102;10;0;9530;1
102;3106;1;5602;3
102;0;32;4;7469
102;4;7574;0;3
102;3351;2;4231;0
103;6183;18;12;3823
103;2;3846;2;6188
103;6173;2;3850;1
103;3841;7;6190;6
103;3;3863;1;6174
103;0;6195;2;3848
103;4;6197;0;3858
103;406;0;9662;1
103;1;10054;1;16
103;0;6746;0;2
103;5033;0;4;0
103;1;6034;1;4
103;2926;19;3775;0
103;9696;0;110;0
103;1;10010;0;6
103;0;5292;2;4604
103;7;0;9581;2
103;4077;0;4652;2
103;0;33;6;10035
103;4;10096;1;11
103;4485;0;5631;1
104;9956;2;11;65
104;0;44;3;9985
104;26;2;10012;1
104;53;6;9967;11
104;0;10001;0;41
104;0;54;0;9988
104;5;9946;0;106
104;19;0;10061;0
104;0;10059;0;21
104;0;10009;0;7
104;7623;0;6;1
104;0;9336;0;3
104;15;2;10035;0
104;9776;0;15;0
104;3;10011;1;6
104;0;13;1;9893
104;2;0;8932;0
104;7303;5;17;0
104;0;5649;1;12
104;4;5720;1;4
104;5723;0;14;0
105;9942;4;9;75
105;1;46;2;9983
105;9941;4;71;0
105;47;2;9975;7
105;1;92;2;9935
105;0;9955;2;75
105;6;9944;0;101
105;9614;2;457;0
105;2;10005;2;67
105;0;9874;0;10
105;7048;1;8;0
105;0;8786;1;5
105;64;3;9766;0
105;9743;0;60;0
105;0;10021;0;1
105;2;9747;1;81
105;10;1;9609;0
105;34;1;8866;3
105;0;9;4;6297
105;6;6374;2;5
105;43;0;6347;0
106;9960;5;13;62
106;2;54;0;9985
106;24;3;10017;3
106;61;7;9956;19
106;1;9993;2;51
106;0;9988;0;62
106;1;32;1;10030
106;9;0;10083;0
106;0;57;4;10030
106;0;10015;1;2
106;7464;1;12;0
106;0;9328;2;5
106;41;1;10004;1
106;9781;2;26;0
106;1;10016;0;3
106;0;20;1;9884
106;12;0;9517;0
106;22;0;8512;6
106;1;7395;4;28
106;32;45;252;7231
106;37;0;7531;2
107;9925;4;16;89
107;2;73;2;9956
107;21;1;10017;2
107;78;3;9944;11
107;0;10015;0;27
107;1;9961;0;81
107;2;27;0;10029
107;15;0;10061;0
107;1;103;4;9968
107;3;8644;0;8
107;6834;0;9;0
107;0;7913;0;2
107;8390;39;198;1
107;9234;1;558;1
107;0;10014;0;7
107;0;23;0;9884
107;2;1;9605;2
107;381;0;8423;0
107;0;5727;1;373
107;15;396;203;5526
107;380;0;5762;1
108;9509;3;4;518
108;0;519;0;9517
108;20;0;10021;0
108;515;8;9512;5
108;1;10006;3;33
108;0;702;2;9341
108;4;8797;0;1260
108;4;0;10088;0
108;2;9401;2;687
108;0;541;0;6716
108;5318;0;5;1
108;0;6436;1;2
108;512;4;6704;3
108;243;0;9713;0
108;0;10007;1;6
108;2;26;0;9866
108;13;0;9584;0
108;7581;2;819;0
108;0;7278;3;379
108;4;7507;15;211
108;43;1;7694;1
109;9629;4;9;390
109;0;372;0;9658
109;3746;1;6279;1
109;391;6;9634;6
109;0;6302;0;3734
109;2;3766;1;6272
109;6;9602;3;440
109;2023;0;8045;0
109;0;10050;0;19
109;1;10009;0;7
109;8953;1;16;1
109;1;9514;0;5
109;270;1;9801;0
109;9589;1;195;0
109;0;10017;1;8
109;1;2651;0;7237
109;6;0;9526;0
109;188;0;8453;9
109;2;4577;1;2366
109;3;7021;1;8
109;206;0;6826;1
110;384;13;1;9645
110;1;9611;6;426
110;46;2;10001;3
110;9638;6;404;4
110;0;9989;1;62
110;2;385;1;9667
110;2;69;0;9994
110;42;0;10048;2
110;1;9702;1;388
110;1;591;0;9418
110;8023;0;9;2
110;0;9424;3;2
110;9521;38;483;2
110;557;0;9375;0
110;1;10012;0;6
110;2;31;0;9856
110;8;0;9506;7
110;7480;3;261;0
110;0;174;6;6427
110;4;6494;3;144
110;6477;2;170;1
111;678;26;1;9331
111;0;9315;0;723
111;484;3;9556;1
111;9352;8;678;7
111;2;9557;1;486
111;0;515;1;9533
111;0;673;1;9389
111;163;0;9917;1
111;2;10040;0;39
111;0;10008;0;7
111;9990;1;9;0
111;3;9604;3;3
111;9971;47;61;4
111;30;0;9929;0
111;0;10011;0;8
111;0;23;0;9893
111;10;0;9537;2
111;7665;1;33;0
111;0;19;6;6487
111;6;6573;0;8
111;6580;0;14;0
112;5040;12;9;4975
112;0;4967;3;5065
112;11;1;10031;2
112;4985;7;5046;8
112;0;10015;0;30
112;3;5039;2;5005
112;3;38;1;10019
112;11;0;10065;1
112;1;5090;1;4987
112;0;9756;1;6
112;7479;1;10;2
112;2;8891;1;4
112;6843;33;2859;5
112;3174;0;6750;0
112;1;10008;0;5
112;1;31;1;9900
112;12;0;8313;0
112;6764;4;86;0
112;0;59;0;4901
112;3;4991;0;6
112;4946;0;58;1
113;9952;3;15;73
113;1;42;6;9992
113;22;2;10014;4
113;57;12;9952;15
113;0;9998;0;43
113;5;7338;0;2705
113;8;2691;2;7357
113;17;1;10031;2
113;0;2768;4;7277
113;0;10014;0;5
113;10041;0;16;0
113;3;9481;1;1
113;5558;50;4528;4
113;4853;0;5016;1
113;1;10015;0;2
113;2;29;2;9887
113;4;0;9290;1
113;6553;0;1330;0
113;0;6802;8;47
113;6;5948;24;900
113;5926;4;948;1
116;33;19;3;9980
116;3;9975;4;56
116;29;0;10013;3
116;9995;2;44;5
116;5;10004;0;38
116;3;43;2;10001
116;2;36;2;10019
116;20;0;10060;0
116;1;10062;2;17
116;1;7815;1;13
116;6118;2;15;1
116;2;7029;1;7
116;7673;40;76;4
116;32;0;9923;2
116;0;10004;0;11
116;1;37;1;9846
116;3;0;9338;3
116;7560;1;43;0
116;1;21;5;5783
116;4;5867;6;2
116;5851;0;30;1
117;86;23;1;9927
117;3;9909;2;126
117;31;1;10011;2
117;9944;6;93;5
117;3;9996;2;46
117;0;72;0;9978
117;1;76;1;9981
117;27;0;10048;1
117;0;10050;1;25
117;0;9412;2;603
117;9336;3;14;0
117;2;9591;1;3
117;9977;26;63;3
117;650;0;9307;1
117;1;9992;0;5
117;0;34;1;9853
117;4;0;9523;0
117;7660;2;31;0
117;0;22;3;6563
117;7;6646;0;5
117;6647;0;16;1
118;8981;8;24;1028
118;0;992;4;9040
118;9000;3;1017;2
118;1004;2;9022;15
118;2;1059;1;8982
118;1;8991;0;1047
118;3;9020;1;1033
118;5210;2;4831;0
118;3;10011;1;29
118;2;10001;1;10
118;3292;9;6637;3
118;5;3011;290;4951
118;3238;24;6771;1
118;15;0;9933;1
118;0;10013;0;5
118;1;6854;1;2981
118;6759;39;2364;0
118;7742;12;15;0
118;0;17;11;6521
118;28;1947;155;4429
118;1925;0;4630;5
119;2335;21;9;7687
119;3;7689;4;2357
119;455;0;9595;3
119;7711;14;2318;13
119;1;9595;1;461
119;1;482;1;9576
119;7;2341;1;7717
119;45;0;10002;0
119;0;10039;0;9
119;0;4920;0;5085
119;9479;3;23;3
119;2;8959;8;4
119;8548;108;1183;6
119;3319;0;6588;0
119;1;9973;1;12
119;3;25;8;9886
119;9;1;8750;0
119;4838;5;2212;2
119;0;24;12;4909
119;10;4938;1;8
119;3351;1;1604;1
23;9892;3;21;106
23;3;82;1;9936
23;64;1;9962;0
23;85;6;9924;7
23;0;9945;0;81
23;0;9958;0;75
23;3;74;4;9966
23;27;0;10041;0
23;1;159;13;9895
23;0;3170;0;0
23;2299;0;1;1
23;0;2823;0;2
23;245;4;2997;0
23;3606;0;6156;1
23;1;10021;0;7
23;0;118;0;9712
23;1;1;7993;2
23;623;2;6186;3
23;1;4327;1;630
23;6;653;135;4186
23;635;0;4346;0
24;9162;8;24;829
24;0;802;2;9221
24;9124;4;862;2
24;829;3;9189;10
24;3;929;4;9091
24;1;9176;0;851
24;5;9136;1;904
24;8574;3;1460;0
24;0;9957;1;80
24;0;10011;0;3
24;90;2;9946;1
24;3;25;389;7673
24;28;2;10076;2
24;93;2;9816;0
24;1;10025;0;8
24;0;9801;0;15
24;8;0;9303;0
24;10;2;7646;5
24;0;18;1;10057
24;3;10095;0;6
24;21;0;10084;0
26;44;34;3;9964
26;0;9949;2;96
26;22;4;10026;1
26;9990;9;43;12
26;0;10015;1;37
26;0;69;1;9987
26;2;41;1;10023
26;18;0;10056;4
26;0;10059;2;18
26;0;6442;0;3
26;4481;0;8;0
26;0;5467;1;5
26;6312;44;69;1
26;15;0;9942;2
26;2;10009;2;11
26;2;29;1;9833
26;1;0;4934;1
26;3862;0;12;0
26;0;12;3;3641
26;3;3719;0;5
26;3722;1;9;0
34;2386;19;3;7621
34;0;7618;1;2409
34;22;1;10015;0
34;7544;8;2479;8
34;0;10013;1;22
34;0;2412;1;7628
34;1;98;0;9961
34;24;0;10070;0
34;1;7664;0;2429
34;1;9135;0;6
34;7359;0;37;0
34;1;8558;1;19
34;8090;37;984;1
34;950;0;8826;0
34;0;10009;1;10
34;2;35;0;9774
34;6;0;7160;0
34;3993;8;657;0
34;1;443;2;4337
34;0;4360;18;416
34;4337;1;456;0
35;5913;19;17;4087
35;4;4074;2;5955
35;17;2;10022;2
35;3705;3;6332;3
35;0;10018;1;27
35;0;5938;1;4109
35;3;431;1;9630
35;14;0;10089;0
35;0;4217;8;5880
35;0;8423;1;2
35;6366;0;122;0
35;3;7608;5;82
35;5836;28;2531;1
35;2499;0;7318;1
35;1;10008;0;7
35;0;36;3;9780
35;13;0;6732;0
35;3241;3;1796;1
35;1;1188;0;3069
35;1;3094;30;1149
35;3009;1;1266;0
36;1193;22;2;8811
36;5;8763;2;1262
36;867;2;9165;2
36;8810;3;1219;7
36;0;9172;0;865
36;1;1181;1;8856
36;4;916;0;9129
36;46;1;10024;0
36;1;9726;0;344
36;1;7267;0;6
36;5605;1;10;0
36;1;6619;0;0
36;7012;45;206;4
36;1585;0;8270;0
36;0;10012;0;10
36;0;78;0;9774
36;4;0;9159;2
36;5626;4;1124;2
36;1;324;1;9753
36;0;9991;4;116
36;7811;0;2301;1
37;41;19;0;9979
37;6;9958;1;77
37;35;0;10008;4
37;9982;5;57;4
37;0;10010;1;39
37;2;75;2;9969
37;1;36;1;10029
37;36;0;10063;0
37;2;10056;1;41
37;1;8359;2;4
37;5892;1;789;1
37;0;6883;28;633
37;7440;44;861;1
37;16;1;9856;1
37;0;10009;0;7
37;1;36;1;9767
37;2;0;7182;0
37;4963;8;10;0
37;0;13;2;4750
37;0;4785;0;2
37;4774;0;15;0
40;27;50;0;9963
40;4;9965;2;73
40;17;2;10026;3
40;9995;11;38;7
40;0;10032;2;17
40;1;55;0;9996
40;2;32;1;10024
40;13;1;10076;1
40;4;10057;1;30
40;2;8864;0;1
40;6351;2;13;1
40;3;7833;2;3
40;19;4;8797;2
40;9706;1;25;0
40;1;10015;0;5
40;0;29;2;9839
40;3;0;6560;2
40;4380;1;14;0
40;0;19;1;4834
40;1;4872;0;6
40;4868;2;12;0
41;9944;3;17;75
41;0;47;6;9986
41;15;1;10026;2
41;68;11;9950;13
41;0;10014;1;28
41;2;9982;1;62
41;1;24;3;10035
41;20;0;10061;0
41;1;49;3;10028
41;3;10013;1;0
41;7412;1;11;0
41;1;9182;1;4
41;11;3;10033;1
41;9742;0;14;1
41;1;9989;0;7
41;4;39;5;9866
41;0;0;6700;2
41;10;0;6275;0
41;0;3792;2;15
41;11;25;124;3685
41;7;0;3838;0
42;6906;28;16;3090
42;1;3081;1;6959
42;52;1;9993;2
42;3097;8;6932;10
42;0;9990;2;58
42;2;6961;1;3088
42;2;73;3;9994
42;27;0;10071;0
42;1;3165;2;6928
42;2;4853;1;1
42;3360;1;178;0
42;0;4177;9;133
42;1577;17;3246;1
42;6099;0;3696;1
42;0;10020;1;2
42;0;50;1;9794
42;7;0;7642;3
42;2827;0;3227;1
42;1;2194;5;2689
42;7;2861;62;1998
42;2716;2;2213;0
43;562;25;4;9444
43;0;9432;1;604
43;155;1;9886;2
43;9455;5;582;3
43;0;9871;0;175
43;1;527;1;9518
43;3;182;0;9885
43;31;0;10077;2
43;0;9765;2;345
43;0;4472;0;30
43;3267;0;87;0
43;1;3923;6;64
43;876;9;3592;1
43;7322;0;2406;1
43;1;10013;0;6
43;4;122;1;9731
43;21;0;9240;2
43;5975;10;507;0
43;0;427;9;8843
43;3;8954;14;353
43;8899;1;428;0
44;9957;1;19;52
44;1;40;3;9986
44;13;3;10019;2
44;41;7;9976;11
44;1;10021;0;16
44;1;10001;0;38
44;1;22;0;10034
44;18;0;10083;0
44;2;74;4;10022
44;0;10009;0;8
44;7559;1;8;1
44;3;9296;0;3
44;4;3;10028;5
44;9582;0;22;3
44;0;10005;0;12
44;0;28;1;9765
44;7;0;7337;0
44;6;1;6438;1
44;0;4623;1;2
44;7;16;134;4482
44;2;0;4637;0
45;9582;9;30;416
45;0;403;0;9630
45;38;2;10002;0
45;397;5;9621;11
45;1;9985;1;55
45;0;9519;0;526
45;4;165;2;9883
45;311;0;9739;0
45;0;868;7;9176
45;2;6806;0;96
45;5264;0;9;0
45;0;6150;3;2
45;4085;28;2769;1
45;3806;0;6045;0
45;0;10033;0;6
45;0;73;2;9819
45;3;0;9558;0
45;5969;2;2763;0
45;0;5120;4;4972
45;5;6054;117;3962
45;4977;0;5167;0
47;4718;19;8;5295
47;1;5273;3;4762
47;552;1;9489;2
47;5286;8;4736;12
47;0;9476;2;567
47;0;4642;0;5407
47;5;716;0;9339
47;80;0;9978;1
47;1;5772;0;4287
47;1;6659;0;90
47;5115;0;7;0
47;2;6026;0;2
47;4745;38;1928;1
47;4740;0;5130;0
47;0;10023;0;9
47;1;29;1;9887
47;15;0;9589;1
47;8485;4;421;1
47;0;577;2;9495
47;2;9869;5;240
47;9555;0;566;0
48;18;24;2;10007
48;3;9975;4;72
48;13;2;10042;2
48;10008;8;29;15
48;0;10028;1;32
48;2;39;0;10023
48;2;22;3;10049
48;10;0;10070;0
48;1;10059;1;18
48;0;8240;0;7
48;5694;1;7;1
48;3;7102;1;2
48;9;2;8165;3
48;9776;1;15;1
48;1;10016;0;6
48;0;28;1;9914
48;3;0;8730;0
48;6689;2;20;1
48;4;20;6;6439
48;5;6558;0;3
48;6553;0;13;0
51;30;50;2;9970
51;2;9987;4;60
51;13;3;10044;1
51;9999;6;49;8
51;2;10029;0;28
51;0;40;0;10024
51;4;36;1;10040
51;19;0;10071;0
51;0;10065;2;23
51;1;26;0;6185
51;4938;1;7;1
51;0;5633;0;3
51;6107;30;40;0
51;29;0;9905;2
51;0;10011;0;10
51;0;25;0;9885
51;5;0;9541;0
51;7979;0;22;0
51;0;20;5;6692
51;2;6753;1;5
51;6743;2;16;0
52;53;39;1;9947
52;3;9956;0;84
52;10;2;10031;5
52;9965;2;76;5
52;2;10018;1;27
52;0;96;5;9950
52;3;24;1;10029
52;10;0;10068;0
52;2;10029;0;49
52;0;8449;0;5
52;6691;0;19;0
52;0;7675;1;2
52;8319;47;58;2
52;9665;1;88;0
52;0;10024;0;5
52;3;32;2;9878
52;8;1;9623;0
52;8843;1;16;0
52;1;25;4;10026
52;3;10075;1;4
52;10067;1;14;3
53;50;37;1;9953
53;1;9951;3;89
53;26;0;10025;0
53;9961;7;78;6
53;0;10011;1;39
53;0;93;0;9962
53;4;38;1;10017
53;10;0;10063;0
53;2;10032;1;42
53;1;7600;1;3
53;5933;0;11;1
53;1;6832;0;5
53;7432;52;98;4
53;9606;0;124;1
53;0;10019;0;6
53;2;45;2;9857
53;2;0;9556;1
53;8545;3;136;1
53;1;101;6;9403
53;4;9519;3;60
53;9489;5;100;0
54;266;63;1;9719
54;1;9737;2;312
54;193;2;9860;6
54;9753;8;292;7
54;0;9864;2;196
54;0;299;0;9764
54;3;211;3;9861
54;32;0;10061;0
54;3;10033;1;54
54;0;8575;0;32
54;6541;0;18;0
54;0;7697;2;2
54;8261;58;242;2
54;9277;0;465;1
54;2;9999;0;15
54;1;35;0;9878
54;8;0;9593;1
54;8137;1;277;0
54;0;53;6;8099
54;8;8225;1;5
54;8070;0;177;1
55;75;48;12;9915
55;4;9906;1;141
55;22;5;10028;2
55;9925;14;109;10
55;1;10013;1;43
55;0;122;0;9939
55;0;41;1;10030
55;15;0;10067;1
55;2;10007;1;73
55;2;8738;0;10
55;6134;1;11;0
55;2;7754;0;2
55;8504;89;105;5
55;9598;0;146;0
55;0;10007;0;12
55;0;36;0;9828
55;16;1;9399;2
55;7076;4;6;0
55;1;26;7;7728
55;4;7841;0;7
55;7842;3;17;0
56;215;36;2;9790
56;3;9798;2;242
56;8;1;10036;2
56;9772;8;267;3
56;0;10025;0;22
56;0;177;3;9871
56;2;102;2;9958
56;11;1;10054;0
56;1;9952;3;111
56;0;10010;2;3
56;9100;1;20;1
56;2;9610;2;7
56;9907;38;118;2
56;9530;0;235;0
56;0;10015;0;10
56;0;26;0;9887
56;9;1;9712;1
56;9027;7;31;0
56;2;58;3;10005
56;4;10082;1;11
56;10061;0;43;0
57;35;63;1;9944
57;2;9977;1;68
57;20;2;10030;3
57;9987;5;59;4
57;1;10028;1;25
57;2;63;1;9992
57;1;31;0;10035
57;16;0;10057;0
57;1;10050;0;22
57;1;6400;0;4
57;4944;0;9;2
57;0;5774;1;1
57;6257;42;51;3
57;9140;0;24;0
57;6;9985;0;9
57;1;38;10;9871
57;5;0;7525;2
57;6041;2;27;0
57;1;32;5;4636
57;2;4701;1;1
57;4695;0;9;1
58;177;34;3;9830
58;3;9828;3;212
58;19;3;10024;3
58;9841;6;197;7
58;2;10024;1;24
58;2;210;2;9839
58;3;40;9;10016
58;19;0;10063;0
58;0;9928;1;154
58;0;5047;0;14
58;4056;0;9;0
58;0;4592;0;2
58;4938;22;81;0
58;9547;0;210;0
58;1;10005;0;13
58;0;30;0;9857
58;7;0;9444;6
58;7785;0;127;0
58;3;95;4;7829
58;3;7986;1;10
58;7925;0;81;0
59;46;36;1;9964
59;4;9979;0;66
59;14;2;10038;3
59;9980;10;55;13
59;2;10014;4;32
59;0;46;0;10012
59;4;35;1;10031
59;19;0;10069;0
59;1;10051;2;34
59;2;8233;0;5
59;6245;1;10;3
59;1;7406;1;1
59;8045;53;107;0
59;9733;1;44;0
59;2;9984;0;11
59;1;21;4;9842
59;4;4;9297;3
59;7369;5;70;0
59;0;34;5;5842
59;6;5935;0;5
59;5913;1;34;1
62;806;37;4;9195
62;2;9183;1;857
62;601;1;9443;2
62;9212;12;823;1
62;0;9436;0;610
62;2;849;1;9201
62;1;633;2;9432
62;29;0;10048;0
62;2;9877;0;200
62;0;10008;0;7
62;9686;0;19;1
62;0;9630;0;6
62;9755;33;290;1
62;629;0;9305;0
62;0;10011;0;13
62;0;183;0;9715
62;13;0;9520;0
62;7635;3;321;0
62;0;62;4;7091
62;4;7163;2;46
62;7005;3;217;0
63;1736;49;3;8248
63;2;8275;0;1759
63;70;2;9968;3
63;8267;9;1761;6
63;1;9970;1;69
63;0;1745;0;8298
63;3;99;2;9954
63;10;1;10053;0
63;0;8412;2;1652
63;0;10014;0;4
63;10000;3;19;1
63;2;9682;0;10
63;9321;35;752;5
63;952;0;8982;1
63;0;10022;0;12
63;2;30;1;9873
63;7;0;9606;0
63;8151;3;373;2
63;2;268;9;8434
63;6;8539;5;242
63;8530;3;268;0
64;1359;31;13;8634
64;0;8639;6;1395
64;23;1;10022;0
64;8621;7;1409;10
64;0;9997;1;47
64;0;1277;1;8771
64;0;166;1;9892
64;11;0;10052;0
64;0;8792;3;1268
64;0;10000;0;22
64;9965;2;55;0
64;3;9531;2;41
64;9581;34;491;2
64;426;0;9544;0
64;0;10016;1;8
64;1;18;2;9887
64;7;0;9599;0
64;8468;1;401;0
64;0;498;3;9576
64;2;9659;14;448
64;9560;0;568;0
65;2302;42;6;7679
65;0;7699;1;2332
65;171;0;9867;0
65;7686;6;2342;3
65;0;9855;4;178
65;0;2328;0;7714
65;1;205;1;9845
65;14;0;10053;0
65;0;7888;3;2174
65;0;10012;0;6
65;9911;0;110;2
65;2;9620;1;82
65;9325;36;740;2
65;1001;0;8939;0
65;0;10021;0;9
65;1;102;0;9788
65;134;4;9411;0
65;8214;3;579;1
65;1;840;3;9234
65;5;9120;25;964
65;9084;0;1035;0
66;16;27;2;9999
66;2;10001;1;45
66;13;2;10036;2
66;10024;5;23;2
66;0;10031;0;20
66;0;24;3;10029
66;2;18;1;10048
66;5;1;10078;0
66;1;10070;0;15
66;1;10011;1;3
66;8855;3;12;0
66;0;9602;1;5
66;10000;30;31;1
66;6;0;9937;1
66;2;10018;0;3
66;2;25;1;9877
66;7;0;8982;2
66;7157;1;10;0
66;0;17;6;5477
66;1;5530;0;6
66;5531;0;6;2
67;2797;32;3;7205
67;1;7205;3;2829
67;962;3;9073;2
67;7096;5;2937;3
67;0;9066;3;972
67;4;2424;1;7619
67;5;1516;2;8535
67;26;0;10039;2
67;0;8473;3;1591
67;0;9988;1;28
67;9700;0;323;1
67;2;9339;15;244
67;8986;28;1090;1
67;1249;0;8678;1
67;0;10016;0;15
67;1;213;0;9671
67;245;3;9323;1
67;8078;1;806;1
67;1;894;4;9173
67;3;9145;32;926
67;8721;2;1386;1
68;3112;13;5;6902
68;1;6881;2;3150
68;2314;2;7721;0
68;6893;4;3137;4
68;1;7712;1;2325
68;1;3109;1;6932
68;2;2324;2;7723
68;81;1;9979;0
68;1;9021;0;1039
68;1;10009;0;6
68;9993;1;14;0
68;1;9714;2;2
68;8962;22;1106;0
68;1526;1;8378;2
68;0;10021;1;6
68;2;936;0;8959
68;10;1;9597;3
68;7215;1;1381;3
68;1;419;3;8547
68;6;8637;11;373
68;7895;2;1138;0
69;28;57;0;9954
69;2;9961;3;78
69;15;1;10030;3
69;9978;8;58;7
69;2;10027;2;20
69;0;57;1;9997
69;1;33;0;10030
69;12;0;10057;0
69;2;10042;1;26
69;1;10006;2;6
69;8201;1;14;1
69;1;9517;1;5
69;9937;45;76;2
69;13;1;9922;2
69;0;10011;0;9
69;0;34;0;9871
69;3;1;8167;2
69;6607;4;24;0
69;1;21;7;5340
69;4;5408;3;5
69;5411;2;10;0
70;107;29;4;9894
70;2;9892;1;140
70;6;0;10033;1
70;9907;5;127;2
70;1;10026;2;12
70;1;57;1;9985
70;1;124;0;9925
70;10;0;10039;0
70;1;10027;2;19
70;0;6165;0;5
70;4869;1;10;1
70;0;5640;1;3
70;6055;35;66;0
70;29;0;9933;1
70;0;10013;0;11
70;0;32;0;9863
70;4;0;9642;3
70;9033;2;25;0
70;1;33;2;10042
70;2;10103;0;4
70;10099;1;13;0
71;75;21;1;9938
71;0;9936;2;99
71;73;1;9966;0
71;9923;10;105;5
71;1;9959;1;80
71;0;95;4;9947
71;7;91;3;9949
71;13;0;10041;3
71;4;10033;1;19
71;0;10011;0;3
71;9321;1;25;5
71;1;9565;2;6
71;9883;33;152;3
71;404;1;9543;1
71;2;10010;1;12
71;0;373;0;9504
71;4;1;9561;1
71;8625;4;115;0
71;0;105;9;9875
71;3;10014;3;8
71;9898;2;132;0
72;1709;34;2;8293
72;0;8306;1;1731
72;500;1;9541;2
72;8311;6;1723;3
72;1;9528;0;514
72;1;1732;1;8315
72;5;520;0;9539
72;18;0;10058;0
72;2;9265;0;811
72;1;6336;0;2
72;4771;0;5;0
72;2;5736;0;1
72;3326;25;2962;2
72;5479;0;4350;1
72;0;10014;1;7
72;0;36;1;9869
72;3;0;9494;3
72;8638;1;24;0
72;3;29;2;10040
72;2;10104;0;9
72;10114;1;4;1
76;18;24;1;9998
76;3;9984;0;57
76;20;2;10025;3
76;10003;12;31;5
76;1;10017;1;32
76;0;55;1;10000
76;1;30;0;10034
76;19;0;10066;0
76;1;10064;1;21
76;0;10009;0;4
76;9444;0;16;1
76;0;9541;8;8
76;9978;41;57;1
76;14;3;9929;1
76;3;10012;0;6
76;0;30;3;9872
76;1;3;7474;1
76;5685;2;20;0
76;0;13;4;5387
76;0;5481;0;2
76;5481;0;8;0
77;9545;10;15;475
77;2;453;3;9588
77;9237;6;786;1
77;413;11;9616;7
77;2;846;2;9199
77;1;9447;0;601
77;14;9265;0;787
77;7215;1;2833;0
77;0;9122;2;929
77;0;8442;0;18
77;5178;1;15;0
77;1;6678;2;4
77;424;5;7949;2
77;9446;1;355;1
77;2;10010;0;8
77;0;8532;0;1327
77;9;1;9534;1
77;809;2;7743;1
77;1;443;5;9577
77;12;9645;14;402
77;955;1;9119;1
78;8600;13;19;1407
78;0;1359;5;8675
78;2580;7;7440;2
78;1370;18;8642;12
78;0;7441;9;2591
78;0;8054;1;1992
78;2;3287;3;6765
78;42;0;9998;0
78;0;2725;4;7311
78;0;6363;1;318
78;4208;1;9;0
78;2;5322;2;1
78;2834;60;3743;1
78;4785;0;5096;0
78;1;10022;0;4
78;1;824;1;9008
78;12;1;9539;0
78;3400;0;5350;16
78;2;4440;3;5643
78;9;5966;119;4044
78;2477;0;7667;0
79;5047;38;6;4963
79;2;4934;5;5115
79;1884;6;8160;3
79;4968;18;5058;17
79;0;8148;3;1914
79;0;3957;2;6107
79;4;2973;1;7102
79;55;1;10009;0
79;0;7541;3;2523
79;0;6084;0;512
79;3789;0;25;0
79;1;5058;1;8
79;4161;50;2309;4
79;3494;0;6410;0
79;0;9964;0;29
79;2;1324;8;8524
79;5;0;9561;1
79;5010;2;3770;1
79;2;1790;23;8152
79;15;8677;50;1303
79;5317;1;4734;0
80;35;20;4;9988
80;1;9944;1;104
80;15;0;10043;2
80;9981;16;52;12
80;0;10009;5;45
80;2;68;1;9992
80;1;44;3;10018
80;12;0;10056;0
80;0;10051;1;17
80;1;9759;2;2
80;6718;3;10;1
80;3;8116;1;6
80;9438;134;133;9
80;12;1;9937;1
80;0;10008;0;9
80;0;29;0;9800
80;8;1;9414;0
80;7730;3;6;0
80;0;15;6;6646
80;9;6830;0;5
80;6832;5;21;0
81;8996;8;15;1032
81;1;1020;3;9030
81;154;3;9901;2
81;1043;11;8988;16
81;0;9881;3;180
81;1;907;0;9159
81;11;8174;1;1890
81;30;0;10047;0
81;1;9296;3;778
81;0;8415;1;50
81;5405;1;9;0
81;0;6784;3;23
81;1099;9;7281;6
81;8887;1;882;0
81;0;9999;0;24
81;0;153;1;9704
81;22;1;9539;0
81;7380;1;1469;2
81;2;8711;5;1057
81;15;9361;18;622
81;8325;3;1693;0
83;1497;33;3;8518
83;2;8480;0;1570
83;323;5;9728;4
83;8537;11;1502;12
83;0;9781;2;276
83;2;1413;2;8643
83;7;400;3;9660
83;21;0;10043;1
83;1;8880;0;1184
83;0;759;1;2804
83;2320;2;9;0
83;2;2854;0;2
83;3086;49;400;2
83;1620;0;8309;0
83;0;9995;0;8
83;2;262;4;9579
83;13;0;9347;0
83;6962;1;1257;0
83;2;876;8;6633
83;12;6976;35;700
83;6748;8;975;1
84;3720;27;8;6292
84;2;6257;4;3784
84;1605;4;8435;6
84;6310;11;3717;16
84;2;8399;3;1650
84;0;3484;0;6574
84;11;1898;2;8161
84;559;1;9502;1
84;1;7950;1;2113
84;2;6677;0;241
84;4657;0;9;1
84;1;5756;2;16
84;4304;48;2519;0
84;3990;0;5879;3
84;1;9962;0;34
84;3;1553;4;8290
84;19;0;7850;2
84;4279;1;2552;1
84;1;1079;6;4021
84;7;4329;25;864
84;3469;2;1764;0
85;760;17;5;9247
85;1;9186;5;841
85;534;2;9493;9
85;9241;26;754;16
85;0;9447;5;587
85;0;659;1;9381
85;0;680;0;9363
85;46;1;9983;1
85;0;9930;0;101
85;0;9835;1;92
85;6683;0;14;0
85;1;8174;6;11
85;9006;168;689;8
85;622;0;9335;1
85;2;9996;0;23
85;2;472;1;9408
85;16;0;9581;1
85;8499;5;471;0
85;2;178;6;9891
85;5;10056;3;58
85;9490;3;635;0
86;5355;12;17;4559
86;24;4557;1;5416
86;1774;1;8227;2
86;4612;4;5384;8
86;1;8223;1;1774
86;2;4346;1;5659
86;4;2803;2;7210
86;1792;0;5937;0
86;1;5864;2;1862
86;0;4189;0;145
86;2911;0;34;0
86;1;3581;2;24
86;2326;30;1960;3
86;5289;1;4589;0
86;1;9981;0;39
86;2;2033;2;7838
86;120;0;9488;0
86;5893;0;3035;1
86;1;3020;2;7066
86;0;7952;73;2110
86;4857;0;5283;1
87;1547;43;4;8235
87;2;8370;3;1603
87;652;0;9342;1
87;8406;7;1579;10
87;1;9321;4;656
87;0;1547;2;8453
87;6;706;3;9300
87;548;0;5095;0
87;1;5165;0;477
87;0;5308;0;4
87;3331;1;136;0
87;1;4251;8;82
87;4809;86;373;7
87;751;0;8406;0
87;1;10009;1;6
87;0;180;0;9629
87;283;0;9286;2
87;8858;1;150;1
87;1;344;5;9744
87;6;9254;30;853
87;9204;0;945;0
90;929;31;6;9088
90;2;9072;5;977
90;26;4;10030;2
90;9114;14;926;10
90;2;9993;4;69
90;0;71;0;9999
90;3;907;1;9166
90;26;0;10044;0
90;1;10056;1;12
90;0;8990;0;3
90;6076;0;16;1
90;6;7387;9;1
90;7764;82;1087;6
90;3824;1;6063;1
90;2;10017;0;3
90;1;28;1;9840
90;4;0;7409;2
90;6159;3;268;0
90;0;182;4;4981
90;9;5314;2;7
90;5152;2;190;1
91;9382;6;34;634
91;3;615;3;9432
91;5901;5;4137;2
91;597;10;9440;10
91;1;4154;4;5902
91;2;6114;1;3945
91;9;9208;2;858
91;501;1;9580;0
91;1;9725;0;357
91;1;9996;0;21
91;6507;0;15;0
91;2;8396;2;5
91;797;21;9211;2
91;8751;0;1055;0
91;1;9986;0;10
91;3;3604;7;6236
91;8;0;3295;0
91;245;0;2854;3
91;2;1126;4;949
91;1;2141;1;16
91;210;0;1949;0
92;9150;11;19;861
92;0;871;0;9166
92;8451;1;1558;4
92;865;2;9172;6
92;1;1622;1;8419
92;1;8605;2;1439
92;7;9026;1;1029
92;2854;0;7213;0
92;2;9355;1;712
92;0;8863;0;2
92;6498;0;10;2
92;1;7886;0;2
92;1566;9;7255;2
92;7180;2;2640;2
92;0;10015;0;7
92;1;6429;0;3424
92;12;0;9575;0
92;2049;1;6703;5
92;0;1042;4;7434
92;3;8470;3;104
92;2277;2;6306;0
93;9959;1;12;65
93;0;28;1;10008
93;9961;4;61;0
93;41;3;9985;8
93;0;80;2;9956
93;0;9960;0;74
93;6;9973;0;73
93;9862;0;186;1
93;0;10027;0;27
93;0;9283;1;7
93;6392;1;9;1
93;1;8170;1;1
93;20;1;9236;1
93;9777;0;19;0
93;0;10016;0;5
93;0;9841;1;31
93;4;0;8475;0
93;13;0;7984;3
93;1;20;2;4899
93;0;4967;0;1
93;7;1;4961;0
94;1097;27;3;8907
94;1;8896;5;1138
94;795;2;9244;1
94;8912;10;1120;6
94;0;9233;2;811
94;0;1056;1;8993
94;3;880;0;9172
94;46;0;10012;0
94;1;9802;1;255
94;0;8459;0;28
94;6154;1;12;3
94;0;7414;1;2
94;7958;51;446;2
94;719;0;9235;0
94;1;9999;1;15
94;0;276;2;9610
94;6;0;9400;0
94;7563;2;394;0
94;3;100;9;6195
94;8;6334;5;79
94;6178;1;255;0
95;9930;3;12;82
95;2;46;2;9975
95;9944;4;54;3
95;58;8;9957;4
95;2;96;1;9928
95;1;9949;1;77
95;9;9963;0;71
95;9762;3;299;0
95;1;10033;1;32
95;0;8244;1;2
95;4658;0;5;0
95;0;7019;0;2
95;30;8;8163;6
95;9674;0;29;1
95;0;10012;0;8
95;0;9738;0;48
95;3;0;8436;0
95;28;0;7437;1
95;0;9;5;5399
95;3;5455;1;2
95;22;0;5445;1
96;26;19;2;9993
96;3;9986;2;54
96;18;4;10026;3
96;9988;11;45;7
96;0;10017;1;33
96;0;41;1;10012
96;3;30;1;10032
96;14;0;10080;0
96;0;10086;1;7
96;1;7955;0;2
96;5784;3;6;2
96;0;7113;0;1
96;7804;64;59;1
96;9750;0;9;1
96;1;10005;1;12
96;1;21;1;9874
96;5;1;9498;2
96;7570;2;26;0
96;0;12;4;6994
96;4;7045;4;3
96;7052;0;12;0
97;45;24;2;9970
97;0;9967;2;76
97;40;1;10010;1
97;9994;4;55;2
97;0;10004;2;47
97;1;60;3;9991
97;5;49;3;10009
97;23;0;10054;0
97;5;10062;0;11
97;0;9093;1;3
97;6942;0;10;1
97;2;8137;1;1
97;8912;54;90;1
97;9746;0;16;0
97;1;10008;1;7
97;0;49;1;9843
97;10;0;9517;2
97;7780;3;45;3
97;1;17;4;6338
97;3;6406;0;8
97;6385;3;30;0
98;9960;2;9;61
98;2;37;1;9990
98;9960;3;46;0
98;50;3;9977;1
98;1;75;3;9953
98;0;9965;1;68
98;6;9958;0;84
98;9783;2;267;0
98;2;10032;0;20
98;1;6317;0;7
98;4676;0;11;0
98;0;5730;1;3
98;18;4;6284;1
98;9779;1;12;0
98;1;10008;0;3
98;0;9811;0;21
98;1;0;8249;0
98;10;1;7707;1
98;0;11;1;4646
98;0;4698;0;4
98;7;0;4696;0
99;6254;33;12;3741
99;1;3742;3;6294
99;6226;4;3793;2
99;3767;4;6277;3
99;0;3816;2;6230
99;3;6244;2;3804
99;3;6267;2;3793
99;333;1;9744;0
99;2;10028;0;50
99;0;6315;0;1
99;4721;0;7;0
99;0;5628;0;2
99;3216;36;3028;3
99;9651;0;144;0
99;0;10011;1;11
99;0;5028;0;4837
99;17;2;9605;8
99;4473;0;4422;3
99;6;38;6;9190
99;7;9308;1;13
99;4939;1;4395;1
SB-new-120-22;3781;38;14;6211
SB-new-120-22;5;6233;6;3796
SB-new-120-22;10;2;10031;4
SB-new-120-22;6237;7;3791;11
SB-new-120-22;7;10026;2;16
SB-new-120-22;2;3794;2;6254
SB-new-120-22;9;44;3;10000
SB-new-120-22;11;1;10034;1
SB-new-120-22;3;6248;1;3795
SB-new-120-22;2;4764;0;3
SB-new-120-22;4509;0;14;1
SB-new-120-22;0;4068;0;4
SB-new-120-22;3398;44;1229;2
SB-new-120-22;406;2;847;0
SB-new-120-22;9;9966;2;4
SB-new-120-22;2;32;6;9866
SB-new-120-22;2;0;2539;0
SB-new-120-22;1618;2;343;0
SB-new-120-22;1;204;2;1194
SB-new-120-22;2;1396;1;4
SB-new-120-22;1199;1;203;0
SB-old-116-22;5166;11;9;4855
SB-old-116-22;2;4849;5;5184
SB-old-116-22;7;3;10027;8
SB-old-116-22;4848;16;5157;21
SB-old-116-22;7;10016;2;18
SB-old-116-22;1;5186;0;4860
SB-old-116-22;8;26;5;10011
SB-old-116-22;5;1;10018;1
SB-old-116-22;1;4891;0;5132
SB-old-116-22;0;2981;0;0
SB-old-116-22;2761;0;3;0
SB-old-116-22;2;2401;1;5
SB-old-116-22;2003;39;893;5
SB-old-116-22;1712;0;3861;3
SB-old-116-22;4;6463;2;3
SB-old-116-22;3;27;26;6915
SB-old-116-22;4;0;2827;0
SB-old-116-22;2179;7;36;1
SB-old-116-22;1;27;12;1622
SB-old-116-22;0;1664;2;2
SB-old-116-22;1643;1;23;1
SU-new-121-22;9942;2;22;74
SU-new-121-22;7;83;2;9940
SU-new-121-22;24;2;10014;2
SU-new-121-22;84;6;9928;14
SU-new-121-22;4;10011;5;25
SU-new-121-22;5;6241;2;3797
SU-new-121-22;13;3764;3;6274
SU-new-121-22;13;1;10031;0
SU-new-121-22;1;3863;0;6181
SU-new-121-22;0;3405;0;1
SU-new-121-22;3180;0;3;0
SU-new-121-22;1;2843;1;3
SU-new-121-22;1828;37;1460;1
SU-new-121-22;1073;0;1121;1
SU-new-121-22;1;7599;2;14
SU-new-121-22;1;45;12;8007
SU-new-121-22;2;0;1921;1
SU-new-121-22;847;1;769;2
SU-new-121-22;0;1058;0;7
SU-new-121-22;2;617;66;382
SU-new-121-22;611;0;456;0
SU-old-117-22;9985;3;13;49
SU-old-117-22;4;36;6;10001
SU-old-117-22;7;0;10040;4
SU-old-117-22;48;2;9984;8
SU-old-117-22;2;10035;4;14
SU-old-117-22;0;7237;2;2818
SU-old-117-22;15;2764;0;7291
SU-old-117-22;6;0;10046;1
SU-old-117-22;1;2809;2;7241
SU-old-117-22;0;4000;0;1
SU-old-117-22;3760;0;4;1
SU-old-117-22;1;3453;2;3
SU-old-117-22;2080;34;1807;1
SU-old-117-22;2443;1;2601;1
SU-old-117-22;5;9607;0;2
SU-old-117-22;0;35;7;9923
SU-old-117-22;10;0;8026;3
SU-old-117-22;5594;4;1075;5
SU-old-117-22;0;4312;4;40
SU-old-117-22;4;3753;95;513
SU-old-117-22;3735;2;628;0
Gyp_MinION;1449;21;12;7143
Gyp_MinION;7;6338;20;1712
Gyp_MinION;284;3;7721;1
Gyp_MinION;6804;2;1637;28
Gyp_MinION;4;8880;4;346
Gyp_MinION;0;344;1;8337
Gyp_MinION;5;1841;4;6050
Gyp_MinION;49;0;2767;4
Gyp_MinION;8;2514;0;6
Gyp_MinION;2;4105;1;4405
Gyp_MinION;7928;6;26;8
Gyp_MinION;0;8547;0;4
Gyp_MinION;8367;25;793;1
Gyp_MinION;2510;1;5383;6
Gyp_MinION;1;8052;2;108
Gyp_MinION;5;10;6;9131
Gyp_MinION;50;5;7452;4
Gyp_MinION;5010;12;1824;6
Gyp_MinION;3;54;2;9606
Gyp_MinION;9;9509;2;20
Gyp_MinION;5739;6;3199;4
Gyp;600;0;0;1979
Gyp;2;1988;1;601
Gyp;76;0;2516;3
Gyp;1990;0;597;1
Gyp;1;2520;2;77
Gyp;3;81;0;2546
Gyp;2;622;0;1859
Gyp;36;4;2068;2
Gyp;4;2167;2;0
Gyp;2;967;1;1043
Gyp;1736;0;0;2
Gyp;1;1771;0;0
Gyp;1897;6;235;3
Gyp;672;0;1149;4
Gyp;0;1830;0;2
Gyp;6;5;6;1923
Gyp;0;1;1504;0
Gyp;1064;14;419;0
Gyp;0;13;9;1796
Gyp;4;1745;1;8
Gyp;1140;7;630;3
SZ_MinION;6882;14;27;1525
SZ_MinION;14;1009;50;7437
SZ_MinION;7108;3;1455;7
SZ_MinION;1317;1;7244;408
SZ_MinION;3;1254;7;8316
SZ_MinION;1;7768;2;1698
SZ_MinION;2;8054;2;1024
SZ_MinION;6957;2;1179;29
SZ_MinION;43;9544;1;4
SZ_MinION;1;8904;2;4
SZ_MinION;3045;2;5794;9
SZ_MinION;1;3189;13;4259
SZ_MinION;3201;119;5884;0
SZ_MinION;14;2;8287;1
SZ_MinION;0;8805;1;48
SZ_MinION;5;5522;12;2815
SZ_MinION;5359;9;2464;13
SZ_MinION;6843;6;36;11
SZ_MinION;5;16;4;8875
SZ_MinION;4;3030;0;6526
SZ_MinION;2708;7;6507;5
SB;825;1;0;1945
SB;4;1963;0;825
SB;0;2;2846;4
SB;1981;0;848;1
SB;3;2836;0;1
SB;1;856;1;1992
SB;1;2;0;2668
SB;0;1;2400;3
SB;2;1721;0;720
SB;3;2094;0;0
SB;2248;0;2;3
SB;1;2194;0;0
SB;1605;3;691;7
SB;643;0;1393;0
SB;1;2039;2;0
SB;2;12;5;2087
SB;1;1;1987;0
SB;1402;22;553;0
SB;2;690;5;1620
SB;1;2151;2;2
SB;1515;12;631;3
SU_MinION;7043;3;71;517
SU_MinION;4;41;78;7780
SU_MinION;78;2;8033;7
SU_MinION;49;70;8009;16
SU_MinION;7;8971;12;16
SU_MinION;4;6132;0;2777
SU_MinION;4;2220;0;6310
SU_MinION;5;0;8760;11
SU_MinION;36;2969;4;5453
SU_MinION;2;8621;1;12
SU_MinION;8097;2;14;3
SU_MinION;0;8569;0;5
SU_MinION;5667;48;3213;1
SU_MinION;3917;3;4293;15
SU_MinION;0;8535;5;53
SU_MinION;2;12;5;9201
SU_MinION;41;2;7466;6
SU_MinION;3856;14;2840;10
SU_MinION;3;7925;17;50
SU_MinION;2;5441;2;4020
SU_MinION;4904;0;3999;3
SU;3518;0;0;12
SU;3;5;0;3497
SU;3;4;3643;11
SU;6;2;3647;2
SU;1;3692;1;1
SU;2;1975;1;1756
SU;6;1656;0;1913
SU;3;7;3316;4
SU;1;1661;3;1734
SU;0;2761;1;0
SU;2702;0;0;2
SU;1;2637;3;0
SU;1481;1;1404;3
SU;1484;0;1270;1
SU;0;2703;0;4
SU;5;11;5;2823
SU;0;0;2149;1
SU;1116;25;990;1
SU;0;2429;3;2
SU;4;1162;3;1358
SU;1173;7;1347;2
SB_MinION;3290;11;22;4924
SB_MinION;6;4151;56;3706
SB_MinION;72;5;7355;9
SB_MinION;4294;92;3523;9
SB_MinION;5;8960;5;20
SB_MinION;1;3870;0;4739
SB_MinION;2;58;1;7626
SB_MinION;7;1;2228;3
SB_MinION;8;982;2;683
SB_MinION;5;8501;0;20
SB_MinION;8615;1;22;5
SB_MinION;2;8497;0;10
SB_MinION;7023;46;1872;6
SB_MinION;2317;1;5275;14
SB_MinION;2;7247;1;188
SB_MinION;4;10;9;8887
SB_MinION;34;14;7703;2
SB_MinION;5432;12;1793;3
SB_MinION;5;2382;18;6663
SB_MinION;16;8434;2;21
SB_MinION;5707;1;2185;3
SZ;1865;0;0;920
SZ;3;926;0;1838
SZ;1766;1;932;0
SZ;931;0;1765;2
SZ;2;943;1;1763
SZ;2;1783;0;955
SZ;5;2247;0;923
SZ;2014;4;858;3
SZ;1;2947;2;1
SZ;1;2449;0;0
SZ;680;1;1668;4
SZ;2;673;2;1647
SZ;772;7;1803;4
SZ;1;2;2419;1
SZ;1;2433;1;1
SZ;2;1752;3;704
SZ;1565;22;601;0
SZ;2169;26;0;4
SZ;2;1;13;2400
SZ;2;681;6;1643
SZ;680;6;1672;1
