isolate;A rel;C rel;G rel;T rel
100;0.4081265012009608;0.0;0.0;0.5918734987990393
100;0.0;0.5918734987990393;0.0;0.4081265012009608
100;0.400320256204964;0.0;0.599679743795036;0.0
100;0.5918734987990393;0.0;0.4081265012009608;0.0
100;0.0;0.599679743795036;0.0;0.400320256204964
100;0.0;0.40582465972778226;0.0;0.5941753402722177
100;0.0;0.40262209767814255;0.0;0.5973779023218575
100;0.400320256204964;0.0;0.599679743795036;0.0
100;0.0;0.9944955964771818;0.0;0.0055044035228182546
100;0.0;1.0;0.0;0.0
100;1.0;0.0;0.0;0.0
100;0.0;1.0;0.0;0.0
100;0.574359487590072;0.0;0.42564051240992795;0.0
100;0.9824859887910328;0.0;0.017514011208967176;0.0
100;0.0;1.0;0.0;0.0
100;0.0;0.400320256204964;0.0;0.599679743795036
100;0.0;0.0;1.0;0.0
100;0.5941753402722177;0.0;0.40582465972778226;0.0
100;0.0;0.007806244995996798;0.0;0.9921937550040033
100;0.0;0.9944955964771818;0.0;0.0055044035228182546
100;0.5941753402722177;0.0;0.40582465972778226;0.0
101;0.5579579579579579;0.0;0.0;0.442042042042042
101;0.0;0.442042042042042;0.0;0.5579579579579579
101;0.5535535535535535;0.0;0.44644644644644643;0.0
101;0.442042042042042;0.0;0.5579579579579579;0.0
101;0.0;0.44644644644644643;0.0;0.5535535535535535
101;0.0;0.5559559559559559;0.0;0.44404404404404396
101;0.0;0.5555555555555556;0.0;0.4444444444444444
101;0.5535535535535535;0.0;0.44644644644644643;0.0
101;0.0;0.9975975975975975;0.0;0.002402402402402402
101;0.0;0.9993993993993993;0.0;0.0006006006006006005
101;1.0;0.0;0.0;0.0
101;0.0;1.0;0.0;0.0
101;0.4444444444444444;0.0;0.5555555555555556;0.0
101;0.9683683683683683;0.0;0.03163163163163163;0.0
101;0.0;1.0;0.0;0.0
101;0.0;0.5535535535535535;0.0;0.44644644644644643
101;0.0;0.0;1.0;0.0
101;0.44404404404404396;0.0;0.5559559559559559;0.0
101;0.0;0.004404404404404403;0.0;0.9955955955955955
101;0.0;0.9975975975975975;0.0;0.002402402402402402
101;0.44404404404404396;0.0;0.5559559559559559;0.0
102;0.7441953562850281;0.0;0.0;0.255804643714972
102;0.0;0.255804643714972;0.0;0.7441953562850281
102;0.6431144915932746;0.0;0.3568855084067254;0.0
102;0.255804643714972;0.0;0.7441953562850281;0.0
102;0.0;0.3568855084067254;0.0;0.6431144915932746
102;0.0;0.6435148118494796;0.0;0.35648518815052044
102;0.0;0.7437950360288231;0.0;0.256204963971177
102;0.6431144915932746;0.0;0.3568855084067254;0.0
102;0.0;0.999599679743795;0.0;0.00040032025620496405
102;0.0;1.0;0.0;0.0
102;1.0;0.0;0.0;0.0
102;0.0;1.0;0.0;0.0
102;0.256204963971177;0.0;0.7437950360288231;0.0
102;0.9860888710968776;0.0;0.013911128903122499;0.0
102;0.0;1.0;0.0;0.0
102;0.0;0.6431144915932746;0.0;0.3568855084067254
102;0.0;0.0;1.0;0.0
102;0.35648518815052044;0.0;0.6435148118494796;0.0
102;0.0;0.10108086469175341;0.0;0.8989191353082466
102;0.0;0.999599679743795;0.0;0.00040032025620496405
102;0.35648518815052044;0.0;0.6435148118494796;0.0
103;0.6166316421495046;0.0;0.0;0.38336835785049533
103;0.0;0.38336835785049533;0.0;0.6166316421495046
103;0.55588912238567;0.0;0.44411087761433;0.0
103;0.38336835785049533;0.0;0.6166316421495046;0.0
103;0.0;0.44411087761433;0.0;0.55588912238567
103;0.0;0.5569898929250475;0.0;0.4430101070749525
103;0.0;0.6155308716101271;0.0;0.3844691283898729
103;0.55588912238567;0.0;0.44411087761433;0.0
103;0.0;0.9988992294606225;0.0;0.0011007705393775644
103;0.0;1.0;0.0;0.0
103;1.0;0.0;0.0;0.0
103;0.0;1.0;0.0;0.0
103;0.3844691283898729;0.0;0.6155308716101271;0.0
103;0.9887921545081557;0.0;0.011207845491844292;0.0
103;0.0;1.0;0.0;0.0
103;0.0;0.55588912238567;0.0;0.44411087761433
103;0.0;0.0;1.0;0.0
103;0.4430101070749525;0.0;0.5569898929250475;0.0
103;0.0;0.060742519763834685;0.0;0.9392574802361653
103;0.0;0.9988992294606225;0.0;0.0011007705393775644
103;0.4430101070749525;0.0;0.5569898929250475;0.0
104;0.9934986997399481;0.0;0.0;0.006501300260052011
104;0.0;0.006501300260052011;0.0;0.9934986997399481
104;0.0016003200640128026;0.0;0.9983996799359871;0.0
104;0.006501300260052011;0.0;0.9934986997399481;0.0
104;0.0;0.9983996799359871;0.0;0.0016003200640128026
104;0.0;0.0034006801360272057;0.0;0.9965993198639728
104;0.0;0.9916983396679336;0.0;0.008301660332066413
104;0.0016003200640128026;0.0;0.9983996799359871;0.0
104;0.0;0.9981996399279855;0.0;0.0018003600720144029
104;0.0;0.9992998599719944;0.0;0.0007001400280056011
104;1.0;0.0;0.0;0.0
104;0.0;1.0;0.0;0.0
104;0.0014002800560112022;0.0;0.9985997199439889;0.0
104;0.9985997199439889;0.0;0.0014002800560112022;0.0
104;0.0;1.0;0.0;0.0
104;0.0;0.0016003200640128026;0.0;0.9983996799359871
104;0.0;0.0;1.0;0.0
104;0.9965993198639728;0.0;0.0034006801360272057;0.0
104;0.0;0.9918983796759352;0.0;0.008101620324064814
104;0.0;0.9981996399279855;0.0;0.0018003600720144029
104;0.9965993198639728;0.0;0.0034006801360272057;0.0
105;0.9933986797359471;0.0;0.0;0.006601320264052812
105;0.0;0.006601320264052812;0.0;0.9933986797359471
105;0.9908981796359272;0.0;0.009101820364072815;0.0
105;0.006601320264052812;0.0;0.9933986797359471;0.0
105;0.0;0.009101820364072815;0.0;0.9908981796359272
105;0.0;0.9933986797359471;0.0;0.006601320264052812
105;0.0;0.9908981796359272;0.0;0.009101820364072815
105;0.9908981796359272;0.0;0.009101820364072815;0.0
105;0.0;0.9974994998999801;0.0;0.002500500100020004
105;0.0;0.998999799959992;0.0;0.0010002000400080016
105;1.0;0.0;0.0;0.0
105;0.0;1.0;0.0;0.0
105;0.006501300260052011;0.0;0.9934986997399481;0.0
105;0.9938987797559512;0.0;0.00610122024404881;0.0
105;0.0;1.0;0.0;0.0
105;0.0;0.9908981796359272;0.0;0.009101820364072815
105;0.0;0.0;1.0;0.0
105;0.006601320264052812;0.0;0.9933986797359471;0.0
105;0.0;0.002500500100020004;0.0;0.9974994998999801
105;0.0;0.9974994998999801;0.0;0.002500500100020004
105;0.006601320264052812;0.0;0.9933986797359471;0.0
106;0.9950965675973181;0.0;0.0;0.0049034324026818775
106;0.0;0.0049034324026818775;0.0;0.9950965675973181
106;0.0014009806864805365;0.0;0.9985990193135195;0.0
106;0.0049034324026818775;0.0;0.9950965675973181;0.0
106;0.0;0.9985990193135195;0.0;0.0014009806864805365
106;0.0;0.9950965675973181;0.0;0.0049034324026818775
106;0.0;0.0014009806864805365;0.0;0.9985990193135195
106;0.0014009806864805365;0.0;0.9985990193135195;0.0
106;0.0;0.006304413089162414;0.0;0.9936955869108376
106;0.0;1.0;0.0;0.0
106;1.0;0.0;0.0;0.0
106;0.0;1.0;0.0;0.0
106;0.003602521765235665;0.0;0.9963974782347643;0.0
106;0.9972981086760733;0.0;0.002701891323926749;0.0
106;0.0;1.0;0.0;0.0
106;0.0;0.0014009806864805365;0.0;0.9985990193135195
106;0.0;0.0;1.0;0.0
106;0.0049034324026818775;0.0;0.9950965675973181;0.0
106;0.0;0.9936955869108376;0.0;0.006304413089162414
106;0.0;0.006304413089162414;0.0;0.9936955869108376
106;0.0049034324026818775;0.0;0.9950965675973181;0.0
107;0.9894957983193278;0.0;0.0;0.010504201680672268
107;0.0;0.010504201680672268;0.0;0.9894957983193278
107;0.0020008003201280513;0.0;0.9979991996798719;0.0
107;0.010504201680672268;0.0;0.9894957983193278;0.0
107;0.0;0.9979991996798719;0.0;0.0020008003201280513
107;0.0;0.9642857142857143;0.0;0.03571428571428571
107;0.0;0.0272108843537415;0.0;0.9727891156462585
107;0.0020008003201280513;0.0;0.9979991996798719;0.0
107;0.0;0.037715086034413765;0.0;0.9622849139655862
107;0.0;0.9990996398559424;0.0;0.000900360144057623
107;1.0;0.0;0.0;0.0
107;0.0;1.0;0.0;0.0
107;0.9727891156462585;0.0;0.0272108843537415;0.0
107;0.9894957983193278;0.0;0.010504201680672268;0.0
107;0.0;1.0;0.0;0.0
107;0.0;0.0020008003201280513;0.0;0.9979991996798719
107;0.0;0.0;1.0;0.0
107;0.03571428571428571;0.0;0.9642857142857143;0.0
107;0.0;0.9874949979991997;0.0;0.01250500200080032
107;0.0;0.037715086034413765;0.0;0.9622849139655862
107;0.03571428571428571;0.0;0.9642857142857143;0.0
108;0.9482586068855083;0.0;0.0;0.0517413931144916
108;0.0;0.0517413931144916;0.0;0.9482586068855083
108;0.00200160128102482;0.0;0.9979983987189752;0.0
108;0.0517413931144916;0.0;0.9482586068855083;0.0
108;0.0;0.9979983987189752;0.0;0.00200160128102482
108;0.0;0.07516012810248199;0.0;0.9248398718975179
108;0.0;0.8751000800640513;0.0;0.12489991993594876
108;0.00200160128102482;0.0;0.9979983987189752;0.0
108;0.0;0.9268414731785428;0.0;0.07315852682145717
108;0.0;0.9482586068855083;0.0;0.0517413931144916
108;1.0;0.0;0.0;0.0
108;0.0;1.0;0.0;0.0
108;0.07095676541232987;0.0;0.92904323458767;0.0
108;0.9482586068855083;0.0;0.0517413931144916;0.0
108;0.0;1.0;0.0;0.0
108;0.0;0.00200160128102482;0.0;0.9979983987189752
108;0.0;0.0;1.0;0.0
108;0.9248398718975179;0.0;0.07516012810248199;0.0
108;0.0;0.9462570056044836;0.0;0.05374299439551642
108;0.0;0.9268414731785428;0.0;0.07315852682145717
108;0.9248398718975179;0.0;0.07516012810248199;0.0
109;0.961072750925648;0.0;0.0;0.03892724907435204
109;0.0;0.03892724907435204;0.0;0.961072750925648
109;0.3716601621134794;0.0;0.6283398378865206;0.0
109;0.03892724907435204;0.0;0.961072750925648;0.0
109;0.0;0.6283398378865206;0.0;0.3716601621134794
109;0.0;0.376463524467127;0.0;0.6235364755328731
109;0.0;0.9562693885720003;0.0;0.04373061142799959
109;0.3716601621134794;0.0;0.6283398378865206;0.0
109;0.0;0.9951966376463526;0.0;0.0048033623536475525
109;0.0;0.9992995096567598;0.0;0.0007004903432402681
109;1.0;0.0;0.0;0.0
109;0.0;1.0;0.0;0.0
109;0.02621835284699289;0.0;0.9737816471530071;0.0
109;0.9800860602421695;0.0;0.019913939757830477;0.0
109;0.0;1.0;0.0;0.0
109;0.0;0.3716601621134794;0.0;0.6283398378865206
109;0.0;0.0;1.0;0.0
109;0.6235364755328731;0.0;0.376463524467127;0.0
109;0.0;0.5894125888121685;0.0;0.41058741118783143
109;0.0;0.9951966376463526;0.0;0.0048033623536475525
109;0.6235364755328731;0.0;0.376463524467127;0.0
110;0.039019509754877446;0.0;0.0;0.9609804902451227
110;0.0;0.9609804902451227;0.0;0.039019509754877446
110;0.004402201100550276;0.0;0.9955977988994498;0.0
110;0.9609804902451227;0.0;0.039019509754877446;0.0
110;0.0;0.9955977988994498;0.0;0.004402201100550276
110;0.0;0.03651825912956479;0.0;0.9634817408704353
110;0.0;0.006903451725862933;0.0;0.9930965482741372
110;0.004402201100550276;0.0;0.9955977988994498;0.0
110;0.0;0.9678839419709855;0.0;0.03211605802901451
110;0.0;0.05862931465732867;0.0;0.9413706853426714
110;1.0;0.0;0.0;0.0
110;0.0;1.0;0.0;0.0
110;0.951775887943972;0.0;0.04822411205602803;0.0
110;0.055527763881940986;0.0;0.9444722361180591;0.0
110;0.0;1.0;0.0;0.0
110;0.0;0.004402201100550276;0.0;0.9955977988994498
110;0.0;0.0;1.0;0.0
110;0.9634817408704353;0.0;0.03651825912956479;0.0
110;0.0;0.03461730865432717;0.0;0.9653826913456729
110;0.0;0.9678839419709855;0.0;0.03211605802901451
110;0.9634817408704353;0.0;0.03651825912956479;0.0
111;0.06755404323458768;0.0;0.0;0.9324459567654124
111;0.0;0.9324459567654124;0.0;0.06755404323458768
111;0.0478382706164932;0.0;0.9521617293835068;0.0
111;0.9324459567654124;0.0;0.06755404323458768;0.0
111;0.0;0.9521617293835068;0.0;0.0478382706164932
111;0.0;0.04913931144915933;0.0;0.9508606885508407
111;0.0;0.06625300240192154;0.0;0.9337469975980786
111;0.0478382706164932;0.0;0.9521617293835068;0.0
111;0.0;0.9986989591673339;0.0;0.001301040832666133
111;0.0;0.9992994395516412;0.0;0.000700560448358687
111;1.0;0.0;0.0;0.0
111;0.0;1.0;0.0;0.0
111;0.9337469975980786;0.0;0.06625300240192154;0.0
111;0.06755404323458768;0.0;0.9324459567654124;0.0
111;0.0;1.0;0.0;0.0
111;0.0;0.0478382706164932;0.0;0.9521617293835068
111;0.0;0.0;1.0;0.0
111;0.9508606885508407;0.0;0.04913931144915933;0.0
111;0.0;0.019715772618094474;0.0;0.9802842273819056
111;0.0;0.9986989591673339;0.0;0.001301040832666133
111;0.9508606885508407;0.0;0.04913931144915933;0.0
112;0.5026020816653323;0.0;0.0;0.49739791833466773
112;0.0;0.49739791833466773;0.0;0.5026020816653323
112;0.001100880704563651;0.0;0.9988991192954364;0.0
112;0.49739791833466773;0.0;0.5026020816653323;0.0
112;0.0;0.9988991192954364;0.0;0.001100880704563651
112;0.0;0.20676541232986387;0.0;0.7932345876701361
112;0.0;0.296937550040032;0.0;0.703062449959968
112;0.001100880704563651;0.0;0.9988991192954364;0.0
112;0.0;0.7943354683746997;0.0;0.20566453162530024
112;0.0;0.9993995196156926;0.0;0.0006004803843074459
112;1.0;0.0;0.0;0.0
112;0.0;1.0;0.0;0.0
112;0.703062449959968;0.0;0.296937550040032;0.0
112;0.5026020816653323;0.0;0.49739791833466773;0.0
112;0.0;1.0;0.0;0.0
112;0.0;0.001100880704563651;0.0;0.9988991192954364
112;0.0;0.0;1.0;0.0
112;0.7932345876701361;0.0;0.20676541232986387;0.0
112;0.0;0.5015012009607687;0.0;0.4984987990392314
112;0.0;0.7943354683746997;0.0;0.20566453162530024
112;0.7932345876701361;0.0;0.20676541232986387;0.0
113;0.9926926926926926;0.0;0.0;0.007307307307307306
113;0.0;0.007307307307307306;0.0;0.9926926926926926
113;0.0017017017017017014;0.0;0.9982982982982983;0.0
113;0.007307307307307306;0.0;0.9926926926926926;0.0
113;0.0;0.9982982982982983;0.0;0.0017017017017017014
113;0.0;0.5431431431431432;0.0;0.4568568568568568
113;0.0;0.4512512512512512;0.0;0.5487487487487487
113;0.0017017017017017014;0.0;0.9982982982982983;0.0
113;0.0;0.4585585585585585;0.0;0.5414414414414415
113;0.0;1.0;0.0;0.0
113;1.0;0.0;0.0;0.0
113;0.0;1.0;0.0;0.0
113;0.5487487487487487;0.0;0.4512512512512512;0.0
113;0.9926926926926926;0.0;0.007307307307307306;0.0
113;0.0;1.0;0.0;0.0
113;0.0;0.0017017017017017014;0.0;0.9982982982982983
113;0.0;0.0;1.0;0.0
113;0.4568568568568568;0.0;0.5431431431431432;0.0
113;0.0;0.9909909909909909;0.0;0.009009009009009007
113;0.0;0.4585585585585585;0.0;0.5414414414414415
113;0.4568568568568568;0.0;0.5431431431431432;0.0
SZ;0.897271268057785;0.0;0.0;0.1027287319422151
SZ;0.0;0.1027287319422151;0.0;0.897271268057785
SZ;0.8942616372391654;0.0;0.10573836276083468;0.0
SZ;0.1027287319422151;0.0;0.897271268057785;0.0
SZ;0.0;0.10573836276083468;0.0;0.8942616372391654
SZ;0.0;0.8945626003210273;0.0;0.10543739967897273
SZ;0.0;0.896970304975923;0.0;0.10302969502407705
SZ;0.8942616372391654;0.0;0.10573836276083468;0.0
SZ;0.0;0.9996990369181381;0.0;0.00030096308186195825
SZ;0.0;1.0;0.0;0.0
SZ;1.0;0.0;0.0;0.0
SZ;0.0;1.0;0.0;0.0
SZ;0.10302969502407705;0.0;0.896970304975923;0.0
SZ;0.897271268057785;0.0;0.1027287319422151;0.0
SZ;0.0;1.0;0.0;0.0
SZ;0.0;0.8942616372391654;0.0;0.10573836276083468
SZ;0.0;0.0;1.0;0.0
SZ;0.10543739967897273;0.0;0.8945626003210273;0.0
SZ;0.0;0.003009630818619583;0.0;0.9969903691813805
SZ;0.0;0.9996990369181381;0.0;0.00030096308186195825
SZ;0.10543739967897273;0.0;0.8945626003210273;0.0
Gyp;0.2324557012713985;0.0;0.0;0.7675442987286014
Gyp;0.0;0.7675442987286014;0.0;0.2324557012713985
Gyp;0.0451496646310942;0.0;0.9548503353689057;0.0
Gyp;0.7675442987286014;0.0;0.2324557012713985;0.0
Gyp;0.0;0.9548503353689057;0.0;0.0451496646310942
Gyp;0.0;0.04805285814395835;0.0;0.9519471418560416
Gyp;0.0;0.22955250775853436;0.0;0.7704474922414656
Gyp;0.0451496646310942;0.0;0.9548503353689057;0.0
Gyp;0.0;0.9970968064871358;0.0;0.00290319351286415
Gyp;0.0;0.4912403644008409;0.0;0.508759635599159
Gyp;1.0;0.0;0.0;0.0
Gyp;0.0;1.0;0.0;0.0
Gyp;0.7704474922414656;0.0;0.22955250775853436;0.0
Gyp;0.33436780458504356;0.0;0.6656321954149564;0.0
Gyp;0.0;1.0;0.0;0.0
Gyp;0.0;0.0451496646310942;0.0;0.9548503353689057
Gyp;0.0;0.0;1.0;0.0
Gyp;0.9519471418560416;0.0;0.04805285814395835;0.0
Gyp;0.0;0.1873060366403043;0.0;0.8126939633596957
Gyp;0.0;0.9970968064871358;0.0;0.00290319351286415
Gyp;0.9519471418560416;0.0;0.04805285814395835;0.0
23;0.9239467627339137;0.0;0.0;0.07605323726608627
23;0.0;0.07605323726608627;0.0;0.9239467627339137
23;0.00740518362853998;0.0;0.9925948163714601;0.0
23;0.07605323726608627;0.0;0.9239467627339137;0.0
23;0.0;0.9925948163714601;0.0;0.00740518362853998
23;0.0;0.9085359751826279;0.0;0.09146402481737217
23;0.0;0.02281597117982588;0.0;0.9771840288201742
23;0.00740518362853998;0.0;0.9925948163714601;0.0
23;0.0;0.09886920844591215;0.0;0.9011307915540879
23;0.0;1.0;0.0;0.0
23;1.0;0.0;0.0;0.0
23;0.0;1.0;0.0;0.0
23;0.07605323726608627;0.0;0.9239467627339137;0.0
23;0.9239467627339137;0.0;0.07605323726608627;0.0
23;0.0;1.0;0.0;0.0
23;0.0;0.00740518362853998;0.0;0.9925948163714601
23;0.0;0.0;1.0;0.0
23;0.09146402481737217;0.0;0.9085359751826279;0.0
23;0.0;0.9165415791053738;0.0;0.08345842089462625
23;0.0;0.09886920844591215;0.0;0.9011307915540879
23;0.09146402481737217;0.0;0.9085359751826279;0.0
24;0.9173173173173174;0.0;0.0;0.0826826826826827
24;0.0;0.0826826826826827;0.0;0.9173173173173174
24;0.9137137137137137;0.0;0.0862862862862863;0.0
24;0.0826826826826827;0.0;0.9173173173173174;0.0
24;0.0;0.0862862862862863;0.0;0.9137137137137137
24;0.0;0.9173173173173174;0.0;0.0826826826826827
24;0.0;0.9137137137137137;0.0;0.0862862862862863
24;0.9137137137137137;0.0;0.0862862862862863;0.0
24;0.0;0.9963963963963963;0.0;0.0036036036036036037
24;0.0;1.0;0.0;0.0
24;1.0;0.0;0.0;0.0
24;0.0;1.0;0.0;0.0
24;0.0826826826826827;0.0;0.9173173173173174;0.0
24;0.9173173173173174;0.0;0.0826826826826827;0.0
24;0.0;1.0;0.0;0.0
24;0.0;0.9137137137137137;0.0;0.0862862862862863
24;0.0;0.0;1.0;0.0
24;0.0826826826826827;0.0;0.9173173173173174;0.0
24;0.0;0.0036036036036036037;0.0;0.9963963963963963
24;0.0;0.9963963963963963;0.0;0.0036036036036036037
24;0.0826826826826827;0.0;0.9173173173173174;0.0
26;0.005404864377940147;0.0;0.0;0.9945951356220599
26;0.0;0.9945951356220599;0.0;0.005404864377940147
26;0.002201981783605245;0.0;0.9977980182163948;0.0
26;0.9945951356220599;0.0;0.005404864377940147;0.0
26;0.0;0.9977980182163948;0.0;0.002201981783605245
26;0.0;0.0035031528375537987;0.0;0.9964968471624462
26;0.0;0.004103693323991593;0.0;0.9958963066760084
26;0.002201981783605245;0.0;0.9977980182163948;0.0
26;0.0;0.9986988289460514;0.0;0.0013011710539485538
26;0.0;1.0;0.0;0.0
26;1.0;0.0;0.0;0.0
26;0.0;1.0;0.0;0.0
26;0.9892903613251928;0.0;0.010709638674807329;0.0
26;0.010709638674807329;0.0;0.9892903613251928;0.0
26;0.0;1.0;0.0;0.0
26;0.0;0.002201981783605245;0.0;0.9977980182163948
26;0.0;0.0;1.0;0.0
26;0.9964968471624462;0.0;0.0035031528375537987;0.0
26;0.0;0.0032028825943349014;0.0;0.9967971174056651
26;0.0;0.9986988289460514;0.0;0.0013011710539485538
26;0.9964968471624462;0.0;0.0035031528375537987;0.0
34;0.2380904723779023;0.0;0.0;0.7619095276220977
34;0.0;0.7619095276220977;0.0;0.2380904723779023
34;0.002201761409127302;0.0;0.9977982385908727;0.0
34;0.7619095276220977;0.0;0.2380904723779023;0.0
34;0.0;0.9977982385908727;0.0;0.002201761409127302
34;0.0;0.23058446757405923;0.0;0.7694155324259407
34;0.0;0.009707766212970375;0.0;0.9902922337870296
34;0.002201761409127302;0.0;0.9977982385908727;0.0
34;0.0;0.771617293835068;0.0;0.22838270616493192
34;0.0;0.9992994395516411;0.0;0.0007005604483586869
34;1.0;0.0;0.0;0.0
34;0.0;1.0;0.0;0.0
34;0.8886108887109688;0.0;0.11138911128903121;0.0
34;0.2380904723779023;0.0;0.7619095276220977;0.0
34;0.0;1.0;0.0;0.0
34;0.0;0.002201761409127302;0.0;0.9977982385908727
34;0.0;0.0;1.0;0.0
34;0.7694155324259407;0.0;0.23058446757405923;0.0
34;0.0;0.23588871096877498;0.0;0.7641112890312249
34;0.0;0.771617293835068;0.0;0.22838270616493192
34;0.7694155324259407;0.0;0.23058446757405923;0.0
35;0.5898488337170887;0.0;0.0;0.4101511662829112
35;0.0;0.4101511662829112;0.0;0.5898488337170887
35;0.0017018720592651916;0.0;0.9982981279407348;0.0
35;0.4101511662829112;0.0;0.5898488337170887;0.0
35;0.0;0.9982981279407348;0.0;0.0017018720592651916
35;0.0;0.35669236159775747;0.0;0.6433076384022425
35;0.0;0.23485834417859647;0.0;0.7651416558214035
35;0.0017018720592651916;0.0;0.9982981279407348;0.0
35;0.0;0.6450095104615078;0.0;0.3549904895384923
35;0.0;1.0;0.0;0.0
35;1.0;0.0;0.0;0.0
35;0.0;1.0;0.0;0.0
35;0.695865451997197;0.0;0.30413454800280304;0.0
35;0.5898488337170887;0.0;0.4101511662829112;0.0
35;0.0;1.0;0.0;0.0
35;0.0;0.0017018720592651916;0.0;0.9982981279407348
35;0.0;0.0;1.0;0.0
35;0.6433076384022425;0.0;0.35669236159775747;0.0
35;0.0;0.5881469616578235;0.0;0.4118530383421764
35;0.0;0.6450095104615078;0.0;0.3549904895384923
35;0.6433076384022425;0.0;0.35669236159775747;0.0
36;0.1213121312131213;0.0;0.0;0.8786878687868788
36;0.0;0.8786878687868788;0.0;0.1213121312131213
36;0.08620862086208621;0.0;0.9137913791379139;0.0
36;0.8786878687868788;0.0;0.1213121312131213;0.0
36;0.0;0.9137913791379139;0.0;0.08620862086208621
36;0.0;0.12041204120412041;0.0;0.8795879587958796
36;0.0;0.08710871087108711;0.0;0.9128912891289129
36;0.08620862086208621;0.0;0.9137913791379139;0.0
36;0.0;0.9657965796579658;0.0;0.034203420342034205
36;0.0;0.9991999199919993;0.0;0.0008000800080008001
36;1.0;0.0;0.0;0.0
36;0.0;1.0;0.0;0.0
36;0.9128912891289129;0.0;0.08710871087108711;0.0
36;0.1608160816081608;0.0;0.8391839183918393;0.0
36;0.0;1.0;0.0;0.0
36;0.0;0.08620862086208621;0.0;0.9137913791379139
36;0.0;0.0;1.0;0.0
36;0.8795879587958796;0.0;0.12041204120412041;0.0
36;0.0;0.0351035103510351;0.0;0.964896489648965
36;0.0;0.9657965796579658;0.0;0.034203420342034205
36;0.8795879587958796;0.0;0.12041204120412041;0.0
37;0.005703422053231939;0.0;0.0;0.9942965779467682
37;0.0;0.9942965779467682;0.0;0.005703422053231939
37;0.0032019211526916154;0.0;0.9967980788473084;0.0
37;0.9942965779467682;0.0;0.005703422053231939;0.0
37;0.0;0.9967980788473084;0.0;0.0032019211526916154
37;0.0;0.0036021612967780674;0.0;0.996397838703222
37;0.0;0.005303181909145488;0.0;0.9946968180908545
37;0.0032019211526916154;0.0;0.9967980788473084;0.0
37;0.0;0.9995997598559135;0.0;0.0004002401440864519
37;0.0;0.999499699819892;0.0;0.0005003001801080648
37;1.0;0.0;0.0;0.0
37;0.0;1.0;0.0;0.0
37;0.8967380428256955;0.0;0.10326195717430459;0.0
37;0.10326195717430459;0.0;0.8967380428256955;0.0
37;0.0;1.0;0.0;0.0
37;0.0;0.0032019211526916154;0.0;0.9967980788473084
37;0.0;0.0;1.0;0.0
37;0.996397838703222;0.0;0.0036021612967780674;0.0
37;0.0;0.0025015009005403244;0.0;0.9974984990994598
37;0.0;0.9995997598559135;0.0;0.0004002401440864519
37;0.996397838703222;0.0;0.0036021612967780674;0.0
40;0.004902941765059035;0.0;0.0;0.995097058234941
40;0.0;0.995097058234941;0.0;0.004902941765059035
40;0.0015009005403241946;0.0;0.9984990994596759;0.0
40;0.995097058234941;0.0;0.004902941765059035;0.0
40;0.0;0.9984990994596759;0.0;0.0015009005403241946
40;0.0;0.003201921152691615;0.0;0.9967980788473084
40;0.0;0.003201921152691615;0.0;0.9967980788473084
40;0.0015009005403241946;0.0;0.9984990994596759;0.0
40;0.0;0.9982989793876326;0.0;0.0017010206123674204
40;0.0;1.0;0.0;0.0
40;1.0;0.0;0.0;0.0
40;0.0;1.0;0.0;0.0
40;0.0022013207924754855;0.0;0.9977986792075245;0.0
40;0.9977986792075245;0.0;0.0022013207924754855;0.0
40;0.0;1.0;0.0;0.0
40;0.0;0.0015009005403241946;0.0;0.9984990994596759
40;0.0;0.0;1.0;0.0
40;0.9967980788473084;0.0;0.003201921152691615;0.0
40;0.0;0.0034020412247348407;0.0;0.9965979587752651
40;0.0;0.9982989793876326;0.0;0.0017010206123674204
40;0.9967980788473084;0.0;0.003201921152691615;0.0
41;0.9954968477934555;0.0;0.0;0.004503152206544581
41;0.0;0.004503152206544581;0.0;0.9954968477934555
41;0.0020014009806864808;0.0;0.9979985990193135;0.0
41;0.004503152206544581;0.0;0.9954968477934555;0.0
41;0.0;0.9979985990193135;0.0;0.0020014009806864808
41;0.0;0.9954968477934555;0.0;0.004503152206544581
41;0.0;0.0020014009806864808;0.0;0.9979985990193135
41;0.0020014009806864808;0.0;0.9979985990193135;0.0
41;0.0;0.006504553187231062;0.0;0.993495446812769
41;0.0;1.0;0.0;0.0
41;1.0;0.0;0.0;0.0
41;0.0;1.0;0.0;0.0
41;0.0011007705393775644;0.0;0.9988992294606225;0.0
41;0.9988992294606225;0.0;0.0011007705393775644;0.0
41;0.0;1.0;0.0;0.0
41;0.0;0.0020014009806864808;0.0;0.9979985990193135
41;0.0;0.0;1.0;0.0
41;0.004503152206544581;0.0;0.9954968477934555;0.0
41;0.0;0.993495446812769;0.0;0.006504553187231062
41;0.0;0.006504553187231062;0.0;0.993495446812769
41;0.004503152206544581;0.0;0.9954968477934555;0.0
42;0.6740370185092547;0.0;0.0;0.3259629814907454
42;0.0;0.3259629814907454;0.0;0.6740370185092547
42;0.005102551275637819;0.0;0.9948974487243621;0.0
42;0.3259629814907454;0.0;0.6740370185092547;0.0
42;0.0;0.9948974487243621;0.0;0.005102551275637819
42;0.0;0.6718359179589796;0.0;0.3281640820410205
42;0.0;0.007303651825912958;0.0;0.992696348174087
42;0.005102551275637819;0.0;0.9948974487243621;0.0
42;0.0;0.3332666333166583;0.0;0.6667333666833417
42;0.0;0.999799899949975;0.0;0.00020010005002501252
42;1.0;0.0;0.0;0.0
42;0.0;1.0;0.0;0.0
42;0.3259629814907454;0.0;0.6740370185092547;0.0
42;0.6740370185092547;0.0;0.3259629814907454;0.0
42;0.0;1.0;0.0;0.0
42;0.0;0.005102551275637819;0.0;0.9948974487243621
42;0.0;0.0;1.0;0.0
42;0.3281640820410205;0.0;0.6718359179589796;0.0
42;0.0;0.6689344672336168;0.0;0.3310655327663832
42;0.0;0.3332666333166583;0.0;0.6667333666833417
42;0.3281640820410205;0.0;0.6718359179589796;0.0
43;0.05795795795795796;0.0;0.0;0.9420420420420421
43;0.0;0.9420420420420421;0.0;0.05795795795795796
43;0.012412412412412413;0.0;0.9875875875875876;0.0
43;0.9420420420420421;0.0;0.05795795795795796;0.0
43;0.0;0.9875875875875876;0.0;0.012412412412412413
43;0.0;0.05115115115115115;0.0;0.9488488488488489
43;0.0;0.01921921921921922;0.0;0.9807807807807808
43;0.012412412412412413;0.0;0.9875875875875876;0.0
43;0.0;0.9612612612612613;0.0;0.03873873873873874
43;0.0;0.9932932932932933;0.0;0.006706706706706707
43;1.0;0.0;0.0;0.0
43;0.0;1.0;0.0;0.0
43;0.1970970970970971;0.0;0.8029029029029028;0.0
43;0.8029029029029028;0.0;0.1970970970970971;0.0
43;0.0;1.0;0.0;0.0
43;0.0;0.012412412412412413;0.0;0.9875875875875876
43;0.0;0.0;1.0;0.0
43;0.9488488488488489;0.0;0.05115115115115115;0.0
43;0.0;0.045545545545545546;0.0;0.9544544544544544
43;0.0;0.9612612612612613;0.0;0.03873873873873874
43;0.9488488488488489;0.0;0.05115115115115115;0.0
44;0.9961973381366956;0.0;0.0;0.0038026618633043127
44;0.0;0.0038026618633043127;0.0;0.9961973381366956
44;0.0016011207845491844;0.0;0.9983988792154508;0.0
44;0.0038026618633043127;0.0;0.9961973381366956;0.0
44;0.0;0.9983988792154508;0.0;0.0016011207845491844
44;0.0;0.9961973381366956;0.0;0.0038026618633043127
44;0.0;0.0016011207845491844;0.0;0.9983988792154508
44;0.0016011207845491844;0.0;0.9983988792154508;0.0
44;0.0;0.005403782647853498;0.0;0.9945962173521464
44;0.0;0.9991994396077254;0.0;0.0008005603922745922
44;1.0;0.0;0.0;0.0
44;0.0;1.0;0.0;0.0
44;0.0020014009806864803;0.0;0.9979985990193135;0.0
44;0.9979985990193135;0.0;0.0020014009806864803;0.0
44;0.0;1.0;0.0;0.0
44;0.0;0.0016011207845491844;0.0;0.9983988792154508
44;0.0;0.0;1.0;0.0
44;0.0038026618633043127;0.0;0.9961973381366956;0.0
44;0.0;0.9945962173521464;0.0;0.005403782647853498
44;0.0;0.005403782647853498;0.0;0.9945962173521464
44;0.0038026618633043127;0.0;0.9961973381366956;0.0
45;0.5206123674204522;0.0;0.0;0.47938763257954775
45;0.0;0.47938763257954775;0.0;0.5206123674204522
45;0.005503301981188713;0.0;0.9944966980188114;0.0
45;0.47938763257954775;0.0;0.5206123674204522;0.0
45;0.0;0.9944966980188114;0.0;0.005503301981188713
45;0.0;0.5097058234940964;0.0;0.4902941765059036
45;0.0;0.016409845907544525;0.0;0.9835901540924555
45;0.005503301981188713;0.0;0.9944966980188114;0.0
45;0.0;0.4957974784870923;0.0;0.5042025215129078
45;0.0;0.9860916549929958;0.0;0.013908345007004202
45;1.0;0.0;0.0;0.0
45;0.0;1.0;0.0;0.0
45;0.597458475085051;0.0;0.40254152491494904;0.0
45;0.5206123674204522;0.0;0.47938763257954775;0.0
45;0.0;1.0;0.0;0.0
45;0.0;0.005503301981188713;0.0;0.9944966980188114
45;0.0;0.0;1.0;0.0
45;0.4902941765059036;0.0;0.5097058234940964;0.0
45;0.0;0.5151090654392636;0.0;0.4848909345607365
45;0.0;0.4957974784870923;0.0;0.5042025215129078
45;0.4902941765059036;0.0;0.5097058234940964;0.0
47;0.47037630104083267;0.0;0.0;0.5296236989591673
47;0.0;0.5296236989591673;0.0;0.47037630104083267
47;0.05444355484387509;0.0;0.9455564451561249;0.0
47;0.5296236989591673;0.0;0.47037630104083267;0.0
47;0.0;0.9455564451561249;0.0;0.05444355484387509
47;0.0;0.4535628502802242;0.0;0.5464371497197759
47;0.0;0.07125700560448359;0.0;0.9287429943955162
47;0.05444355484387509;0.0;0.9455564451561249;0.0
47;0.0;0.600880704563651;0.0;0.3991192954363491
47;0.0;0.9873899119295435;0.0;0.012610088070456365
47;1.0;0.0;0.0;0.0
47;0.0;1.0;0.0;0.0
47;0.7075660528422738;0.0;0.2924339471577262;0.0
47;0.47978382706164935;0.0;0.5202161729383507;0.0
47;0.0;1.0;0.0;0.0
47;0.0;0.05444355484387509;0.0;0.9455564451561249
47;0.0;0.0;1.0;0.0
47;0.5464371497197759;0.0;0.4535628502802242;0.0
47;0.0;0.4159327461969576;0.0;0.5840672538030424
47;0.0;0.600880704563651;0.0;0.3991192954363491
47;0.5464371497197759;0.0;0.4535628502802242;0.0
48;0.0043025815489293575;0.0;0.0;0.9956974184510706
48;0.0;0.9956974184510706;0.0;0.0043025815489293575
48;0.0012007204322593557;0.0;0.9987992795677406;0.0
48;0.9956974184510706;0.0;0.0043025815489293575;0.0
48;0.0;0.9987992795677406;0.0;0.0012007204322593557
48;0.0;0.002901741044626776;0.0;0.9970982589553732
48;0.0;0.002601560936561937;0.0;0.9973984390634382
48;0.0012007204322593557;0.0;0.9987992795677406;0.0
48;0.0;0.9982989793876326;0.0;0.0017010206123674204
48;0.0;0.9991995197118271;0.0;0.0008004802881729038
48;1.0;0.0;0.0;0.0
48;0.0;1.0;0.0;0.0
48;0.0012007204322593559;0.0;0.9987992795677406;0.0
48;0.9987992795677406;0.0;0.0012007204322593559;0.0
48;0.0;1.0;0.0;0.0
48;0.0;0.0012007204322593557;0.0;0.9987992795677406
48;0.0;0.0;1.0;0.0
48;0.9970982589553732;0.0;0.002901741044626776;0.0
48;0.0;0.0031018611166700022;0.0;0.99689813888333
48;0.0;0.9982989793876326;0.0;0.0017010206123674204
48;0.9970982589553732;0.0;0.002901741044626776;0.0
51;0.004703292304613229;0.0;0.0;0.9952967076953867
51;0.0;0.9952967076953867;0.0;0.004703292304613229
51;0.0017011908335835082;0.0;0.9982988091664164;0.0
51;0.9952967076953867;0.0;0.004703292304613229;0.0
51;0.0;0.9982988091664164;0.0;0.0017011908335835082
51;0.0;0.0028019613729610726;0.0;0.9971980386270389
51;0.0;0.003602521765235665;0.0;0.9963974782347643
51;0.0017011908335835082;0.0;0.9982988091664164;0.0
51;0.0;0.9988992294606225;0.0;0.0011007705393775644
51;0.0;0.004703292304613229;0.0;0.9952967076953867
51;1.0;0.0;0.0;0.0
51;0.0;1.0;0.0;0.0
51;0.9952967076953867;0.0;0.004703292304613229;0.0
51;0.004703292304613229;0.0;0.9952967076953867;0.0
51;0.0;1.0;0.0;0.0
51;0.0;0.0017011908335835082;0.0;0.9982988091664164
51;0.0;0.0;1.0;0.0
51;0.9971980386270389;0.0;0.0028019613729610726;0.0
51;0.0;0.0030021014710297205;0.0;0.9969978985289702
51;0.0;0.9988992294606225;0.0;0.0011007705393775644
51;0.9971980386270389;0.0;0.0028019613729610726;0.0
52;0.005302651325662832;0.0;0.0;0.9946973486743373
52;0.0;0.9946973486743373;0.0;0.005302651325662832
52;0.0014007003501750877;0.0;0.998599299649825;0.0
52;0.9946973486743373;0.0;0.005302651325662832;0.0
52;0.0;0.998599299649825;0.0;0.0014007003501750877
52;0.0;0.0018009004502251129;0.0;0.9981990995497749
52;0.0;0.0049024512256128075;0.0;0.9950975487743873
52;0.0014007003501750877;0.0;0.998599299649825;0.0
52;0.0;0.9995997998999501;0.0;0.0004002001000500251
52;0.0;0.9993996998499249;0.0;0.0006003001500750376
52;1.0;0.0;0.0;0.0
52;0.0;1.0;0.0;0.0
52;0.9877938969484743;0.0;0.012206103051525766;0.0
52;0.9909954977488744;0.0;0.009004502251125564;0.0
52;0.0;1.0;0.0;0.0
52;0.0;0.0014007003501750877;0.0;0.998599299649825
52;0.0;0.0;1.0;0.0
52;0.9981990995497749;0.0;0.0018009004502251129;0.0
52;0.0;0.003901950975487745;0.0;0.9960980490245124
52;0.0;0.9995997998999501;0.0;0.0004002001000500251
52;0.9981990995497749;0.0;0.0018009004502251129;0.0
53;0.008905343205923554;0.0;0.0;0.9910946567940765
53;0.0;0.9910946567940765;0.0;0.008905343205923554
53;0.0034020412247348407;0.0;0.9965979587752652;0.0
53;0.9910946567940765;0.0;0.008905343205923554;0.0
53;0.0;0.9965979587752652;0.0;0.0034020412247348407
53;0.0;0.008905343205923554;0.0;0.9910946567940765
53;0.0;0.0034020412247348407;0.0;0.9965979587752652
53;0.0034020412247348407;0.0;0.9965979587752652;0.0
53;0.0;0.9944966980188114;0.0;0.005503301981188713
53;0.0;0.9995997598559134;0.0;0.0004002401440864519
53;1.0;0.0;0.0;0.0
53;0.0;1.0;0.0;0.0
53;0.9869921953171904;0.0;0.013007804682809687;0.0
53;0.987292375425255;0.0;0.012707624574744846;0.0
53;0.0;1.0;0.0;0.0
53;0.0;0.0034020412247348407;0.0;0.9965979587752652
53;0.0;0.0;1.0;0.0
53;0.9910946567940765;0.0;0.008905343205923554;0.0
53;0.0;0.005503301981188713;0.0;0.9944966980188114
53;0.0;0.9944966980188114;0.0;0.005503301981188713
53;0.9910946567940765;0.0;0.008905343205923554;0.0
54;0.029017410446267756;0.0;0.0;0.9709825895537322
54;0.0;0.9709825895537322;0.0;0.029017410446267756
54;0.019211526916149687;0.0;0.9807884730838503;0.0
54;0.9709825895537322;0.0;0.029017410446267756;0.0
54;0.0;0.9807884730838503;0.0;0.019211526916149687
54;0.0;0.027216329797878722;0.0;0.9727836702021213
54;0.0;0.02101260756453872;0.0;0.9789873924354613
54;0.019211526916149687;0.0;0.9807884730838503;0.0
54;0.0;0.991995197118271;0.0;0.008004802881729037
54;0.0;0.9962977786672003;0.0;0.0037022213327996796
54;1.0;0.0;0.0;0.0
54;0.0;1.0;0.0;0.0
54;0.9652791675005002;0.0;0.03472083249949969;0.0
54;0.9522713628176906;0.0;0.04772863718230938;0.0
54;0.0;1.0;0.0;0.0
54;0.0;0.019211526916149687;0.0;0.9807884730838503
54;0.0;0.0;1.0;0.0
54;0.9727836702021213;0.0;0.027216329797878722;0.0
54;0.0;0.00980588353011807;0.0;0.9901941164698819
54;0.0;0.991995197118271;0.0;0.008004802881729037
54;0.9727836702021213;0.0;0.027216329797878722;0.0
55;0.01091309571485783;0.0;0.0;0.9890869042851422
55;0.0;0.9890869042851422;0.0;0.01091309571485783
55;0.0025030036043251903;0.0;0.9974969963956749;0.0
55;0.9890869042851422;0.0;0.01091309571485783;0.0
55;0.0;0.9974969963956749;0.0;0.0025030036043251903
55;0.0;0.0034040849018822593;0.0;0.9965959150981177
55;0.0;0.010012014417300761;0.0;0.9899879855826993
55;0.0025030036043251903;0.0;0.9974969963956749;0.0
55;0.0;0.9990989187024429;0.0;0.0009010812975570686
55;0.0;0.998898678414097;0.0;0.0011013215859030838
55;1.0;0.0;0.0;0.0
55;0.0;1.0;0.0;0.0
55;0.9782739287144575;0.0;0.021726071285542655;0.0
55;0.9850820985182219;0.0;0.014917901481778136;0.0
55;0.0;1.0;0.0;0.0
55;0.0;0.0025030036043251903;0.0;0.9974969963956749
55;0.0;0.0;1.0;0.0
55;0.9965959150981177;0.0;0.0034040849018822593;0.0
55;0.0;0.00841009211053264;0.0;0.9915899078894674
55;0.0;0.9990989187024429;0.0;0.0009010812975570686
55;0.9965959150981177;0.0;0.0034040849018822593;0.0
56;0.021423565922514765;0.0;0.0;0.9785764340774853
56;0.0;0.9785764340774853;0.0;0.021423565922514765
56;0.0011012113324657122;0.0;0.9988987886675343;0.0
56;0.9785764340774853;0.0;0.021423565922514765;0.0
56;0.0;0.9988987886675343;0.0;0.0011012113324657122
56;0.0;0.007908699569526478;0.0;0.9920913004304736
56;0.0;0.014616077685453999;0.0;0.9853839223145461
56;0.0011012113324657122;0.0;0.9988987886675343;0.0
56;0.0;0.9931925117629392;0.0;0.006807488237060766
56;0.0;1.0;0.0;0.0
56;1.0;0.0;0.0;0.0
56;0.0;1.0;0.0;0.0
56;0.9853839223145461;0.0;0.014616077685453999;0.0
56;0.9758734608068875;0.0;0.024126539193112424;0.0
56;0.0;1.0;0.0;0.0
56;0.0;0.0011012113324657122;0.0;0.9988987886675343
56;0.0;0.0;1.0;0.0
56;0.9920913004304736;0.0;0.007908699569526478;0.0
56;0.0;0.020322354590049052;0.0;0.979677645409951
56;0.0;0.9931925117629392;0.0;0.006807488237060766
56;0.9920913004304736;0.0;0.007908699569526478;0.0
57;0.006203722233340005;0.0;0.0;0.99379627776666
57;0.0;0.99379627776666;0.0;0.006203722233340005
57;0.0020012007204322593;0.0;0.9979987992795677;0.0
57;0.99379627776666;0.0;0.006203722233340005;0.0
57;0.0;0.9979987992795677;0.0;0.0020012007204322593
57;0.0;0.004202521512907746;0.0;0.9957974784870923
57;0.0;0.0040024014408645186;0.0;0.9959975985591355
57;0.0020012007204322593;0.0;0.9979987992795677;0.0
57;0.0;0.9977986792075245;0.0;0.0022013207924754855
57;0.0;0.9993996397838703;0.0;0.0006003602161296778
57;1.0;0.0;0.0;0.0
57;0.0;1.0;0.0;0.0
57;0.9854912947768661;0.0;0.014508705223133881;0.0
57;0.9973984390634381;0.0;0.002601560936561937;0.0
57;0.0;1.0;0.0;0.0
57;0.0;0.0020012007204322593;0.0;0.9979987992795677
57;0.0;0.0;1.0;0.0
57;0.9957974784870923;0.0;0.004202521512907746;0.0
57;0.0;0.004202521512907746;0.0;0.9957974784870923
57;0.0;0.9977986792075245;0.0;0.0022013207924754855
57;0.9957974784870923;0.0;0.004202521512907746;0.0
58;0.01961372961072751;0.0;0.0;0.9803862703892725
58;0.0;0.9803862703892725;0.0;0.01961372961072751
58;0.0019013309316521568;0.0;0.9980986690683479;0.0
58;0.9803862703892725;0.0;0.01961372961072751;0.0
58;0.0;0.9980986690683479;0.0;0.0019013309316521568
58;0.0;0.01611127789452617;0.0;0.9838887221054738
58;0.0;0.0054037826478534985;0.0;0.9945962173521465
58;0.0019013309316521568;0.0;0.9980986690683479;0.0
58;0.0;0.985790053037126;0.0;0.014209946962874014
58;0.0;0.9979985990193135;0.0;0.0020014009806864808
58;1.0;0.0;0.0;0.0
58;0.0;1.0;0.0;0.0
58;0.9803862703892725;0.0;0.01961372961072751;0.0
58;0.978384869408586;0.0;0.021615130591413994;0.0
58;0.0;1.0;0.0;0.0
58;0.0;0.0019013309316521568;0.0;0.9980986690683479
58;0.0;0.0;1.0;0.0
58;0.9838887221054738;0.0;0.01611127789452617;0.0
58;0.0;0.017712398679075356;0.0;0.9822876013209247
58;0.0;0.985790053037126;0.0;0.014209946962874014
58;0.9838887221054738;0.0;0.01611127789452617;0.0
59;0.006505204163330665;0.0;0.0;0.9934947958366693
59;0.0;0.9934947958366693;0.0;0.006505204163330665
59;0.0019015212169735788;0.0;0.9980984787830264;0.0
59;0.9934947958366693;0.0;0.006505204163330665;0.0
59;0.0;0.9980984787830264;0.0;0.0019015212169735788
59;0.0;0.005204163330664532;0.0;0.9947958366693355
59;0.0;0.0032025620496397116;0.0;0.9967974379503604
59;0.0019015212169735788;0.0;0.9980984787830264;0.0
59;0.0;0.9966973578863091;0.0;0.0033026421136909527
59;0.0;0.9993995196156925;0.0;0.0006004803843074459
59;1.0;0.0;0.0;0.0
59;0.0;1.0;0.0;0.0
59;0.9812850280224179;0.0;0.018714971977582064;0.0
59;0.9954963971176941;0.0;0.0045036028823058445;0.0
59;0.0;1.0;0.0;0.0
59;0.0;0.0019015212169735788;0.0;0.9980984787830264
59;0.0;0.0;1.0;0.0
59;0.9947958366693355;0.0;0.005204163330664532;0.0
59;0.0;0.004603682946357086;0.0;0.995396317053643
59;0.0;0.9966973578863091;0.0;0.0033026421136909527
59;0.9947958366693355;0.0;0.005204163330664532;0.0
62;0.06924154492695617;0.0;0.0;0.9307584550730438
62;0.0;0.9307584550730438;0.0;0.06924154492695617
62;0.059535721432859706;0.0;0.9404642785671403;0.0
62;0.9307584550730438;0.0;0.06924154492695617;0.0
62;0.0;0.9404642785671403;0.0;0.059535721432859706
62;0.0;0.06613968381028616;0.0;0.9338603161897138
62;0.0;0.06263758254952971;0.0;0.9373624174504703
62;0.059535721432859706;0.0;0.9404642785671403;0.0
62;0.0;0.9933960376225734;0.0;0.006603962377426455
62;0.0;0.9992995797478487;0.0;0.0007004202521512907
62;1.0;0.0;0.0;0.0
62;0.0;1.0;0.0;0.0
62;0.9373624174504703;0.0;0.06263758254952971;0.0
62;0.06924154492695617;0.0;0.9307584550730438;0.0
62;0.0;1.0;0.0;0.0
62;0.0;0.059535721432859706;0.0;0.9404642785671403
62;0.0;0.0;1.0;0.0
62;0.9338603161897138;0.0;0.06613968381028616;0.0
62;0.0;0.009705823494096457;0.0;0.9902941765059035
62;0.0;0.9933960376225734;0.0;0.006603962377426455
62;0.9338603161897138;0.0;0.06613968381028616;0.0
63;0.17312506258135577;0.0;0.0;0.8268749374186442
63;0.0;0.8268749374186442;0.0;0.17312506258135577
63;0.0030039050765995794;0.0;0.9969960949234005;0.0
63;0.8268749374186442;0.0;0.17312506258135577;0.0
63;0.0;0.9969960949234005;0.0;0.0030039050765995794
63;0.0;0.10173225192750575;0.0;0.8982677480724942
63;0.0;0.07439671573044959;0.0;0.9256032842695504
63;0.0030039050765995794;0.0;0.9969960949234005;0.0
63;0.0;0.9012716531490939;0.0;0.09872834685090617
63;0.0;1.0;0.0;0.0
63;1.0;0.0;0.0;0.0
63;0.0;1.0;0.0;0.0
63;0.9256032842695504;0.0;0.07439671573044959;0.0
63;0.17312506258135577;0.0;0.8268749374186442;0.0
63;0.0;1.0;0.0;0.0
63;0.0;0.0030039050765995794;0.0;0.9969960949234005
63;0.0;0.0;1.0;0.0
63;0.8982677480724942;0.0;0.10173225192750575;0.0
63;0.0;0.17012115750475618;0.0;0.8298788424952438
63;0.0;0.9012716531490939;0.0;0.09872834685090617
63;0.8982677480724942;0.0;0.10173225192750575;0.0
64;0.13549484639247472;0.0;0.0;0.8645051536075253
64;0.0;0.8645051536075253;0.0;0.13549484639247472
64;0.0018012608826178324;0.0;0.9981987391173821;0.0
64;0.8645051536075253;0.0;0.13549484639247472;0.0
64;0.0;0.9981987391173821;0.0;0.0018012608826178324
64;0.0;0.08866206344441109;0.0;0.9113379365555889
64;0.0;0.048634043830681484;0.0;0.9513659561693185
64;0.0018012608826178324;0.0;0.9981987391173821;0.0
64;0.0;0.9131391974382067;0.0;0.08686080256179327
64;0.0;0.9977984589212449;0.0;0.0022015410787551287
64;1.0;0.0;0.0;0.0
64;0.0;1.0;0.0;0.0
64;0.9513659561693185;0.0;0.048634043830681484;0.0
64;0.13549484639247472;0.0;0.8645051536075253;0.0
64;0.0;1.0;0.0;0.0
64;0.0;0.0018012608826178324;0.0;0.9981987391173821
64;0.0;0.0;1.0;0.0
64;0.9113379365555889;0.0;0.08866206344441109;0.0
64;0.0;0.1336935855098569;0.0;0.8663064144901431
64;0.0;0.9131391974382067;0.0;0.08686080256179327
64;0.9113379365555889;0.0;0.08866206344441109;0.0
65;0.1162300511894008;0.0;0.0;0.8837699488105992
65;0.0;0.8837699488105992;0.0;0.1162300511894008
65;0.010338251530663456;0.0;0.9896617484693365;0.0
65;0.8837699488105992;0.0;0.1162300511894008;0.0
65;0.0;0.9896617484693365;0.0;0.010338251530663456
65;0.0;0.10609254240690558;0.0;0.8939074575930944
65;0.0;0.02047576031315869;0.0;0.9795242396868413
65;0.010338251530663456;0.0;0.9896617484693365;0.0
65;0.0;0.9042457091237579;0.0;0.09575429087624211
65;0.0;1.0;0.0;0.0
65;1.0;0.0;0.0;0.0
65;0.0;1.0;0.0;0.0
65;0.9264277827963464;0.0;0.07357221720365352;0.0
65;0.1162300511894008;0.0;0.8837699488105992;0.0
65;0.0;1.0;0.0;0.0
65;0.0;0.010338251530663456;0.0;0.9896617484693365
65;0.0;0.0;1.0;0.0
65;0.8939074575930944;0.0;0.10609254240690558;0.0
65;0.0;0.10589179965873734;0.0;0.8941082003412626
65;0.0;0.9042457091237579;0.0;0.09575429087624211
65;0.8939074575930944;0.0;0.10609254240690558;0.0
66;0.0028016810086051633;0.0;0.0;0.9971983189913948
66;0.0;0.9971983189913948;0.0;0.0028016810086051633
66;0.0011006603962377425;0.0;0.9988993396037623;0.0
66;0.9971983189913948;0.0;0.0028016810086051633;0.0
66;0.0;0.9988993396037623;0.0;0.0011006603962377425
66;0.0;0.0021012607564538724;0.0;0.9978987392435461
66;0.0;0.0018010806483890333;0.0;0.998198919351611
66;0.0011006603962377425;0.0;0.9988993396037623;0.0
66;0.0;0.9989993996397839;0.0;0.0010006003602161296
66;0.0;1.0;0.0;0.0
66;1.0;0.0;0.0;0.0
66;0.0;1.0;0.0;0.0
66;0.9971983189913948;0.0;0.0028016810086051633;0.0
66;0.0028016810086051633;0.0;0.9971983189913948;0.0
66;0.0;1.0;0.0;0.0
66;0.0;0.0011006603962377425;0.0;0.9988993396037623
66;0.0;0.0;1.0;0.0
66;0.9978987392435461;0.0;0.0021012607564538724;0.0
66;0.0;0.0017010206123674204;0.0;0.9982989793876326
66;0.0;0.9989993996397839;0.0;0.0010006003602161296
66;0.9978987392435461;0.0;0.0021012607564538724;0.0
67;0.2790464743589744;0.0;0.0;0.7209535256410257
67;0.0;0.7209535256410257;0.0;0.2790464743589744
67;0.021534455128205128;0.0;0.9784655448717949;0.0
67;0.7209535256410257;0.0;0.2790464743589744;0.0
67;0.0;0.9784655448717949;0.0;0.021534455128205128
67;0.0;0.1496394230769231;0.0;0.850360576923077
67;0.0;0.15094150641025642;0.0;0.8490584935897436
67;0.021534455128205128;0.0;0.9784655448717949;0.0
67;0.0;0.871895032051282;0.0;0.12810496794871798
67;0.0;0.9985977564102565;0.0;0.0014022435897435897
67;1.0;0.0;0.0;0.0
67;0.0;1.0;0.0;0.0
67;0.8490584935897436;0.0;0.15094150641025642;0.0
67;0.2790464743589744;0.0;0.7209535256410257;0.0
67;0.0;1.0;0.0;0.0
67;0.0;0.021534455128205128;0.0;0.9784655448717949
67;0.0;0.0;1.0;0.0
67;0.850360576923077;0.0;0.1496394230769231;0.0
67;0.0;0.2575120192307692;0.0;0.7424879807692307
67;0.0;0.871895032051282;0.0;0.12810496794871798
67;0.850360576923077;0.0;0.1496394230769231;0.0
68;0.3103551775887944;0.0;0.0;0.6896448224112056
68;0.0;0.6896448224112056;0.0;0.3103551775887944
68;0.09464732366183091;0.0;0.9053526763381691;0.0
68;0.6896448224112056;0.0;0.3103551775887944;0.0
68;0.0;0.9053526763381691;0.0;0.09464732366183091
68;0.0;0.17378689344672338;0.0;0.8262131065532767
68;0.0;0.23121560780390196;0.0;0.768784392196098
68;0.09464732366183091;0.0;0.9053526763381691;0.0
68;0.0;0.9208604302151077;0.0;0.07913956978489245
68;0.0;0.9993996998499248;0.0;0.0006003001500750375
68;1.0;0.0;0.0;0.0
68;0.0;1.0;0.0;0.0
68;0.768784392196098;0.0;0.23121560780390196;0.0
68;0.3103551775887944;0.0;0.6896448224112056;0.0
68;0.0;1.0;0.0;0.0
68;0.0;0.09464732366183091;0.0;0.9053526763381691
68;0.0;0.0;1.0;0.0
68;0.8262131065532767;0.0;0.17378689344672338;0.0
68;0.0;0.21570785392696348;0.0;0.7842921460730365
68;0.0;0.9208604302151077;0.0;0.07913956978489245
68;0.8262131065532767;0.0;0.17378689344672338;0.0
69;0.0061048839071257;0.0;0.0;0.9938951160928744
69;0.0;0.9938951160928744;0.0;0.0061048839071257
69;0.001501200960768615;0.0;0.9984987990392314;0.0
69;0.9938951160928744;0.0;0.0061048839071257;0.0
69;0.0;0.9984987990392314;0.0;0.001501200960768615
69;0.0;0.003602882305844676;0.0;0.9963971176941554
69;0.0;0.00400320256204964;0.0;0.9959967974379504
69;0.001501200960768615;0.0;0.9984987990392314;0.0
69;0.0;0.997898318654924;0.0;0.002101681345076061
69;0.0;0.9993995196156925;0.0;0.0006004803843074459
69;1.0;0.0;0.0;0.0
69;0.0;1.0;0.0;0.0
69;0.9938951160928744;0.0;0.0061048839071257;0.0
69;0.0061048839071257;0.0;0.9938951160928744;0.0
69;0.0;1.0;0.0;0.0
69;0.0;0.001501200960768615;0.0;0.9984987990392314
69;0.0;0.0;1.0;0.0
69;0.9963971176941554;0.0;0.003602882305844676;0.0
69;0.0;0.004603682946357086;0.0;0.995396317053643
69;0.0;0.997898318654924;0.0;0.002101681345076061
69;0.9963971176941554;0.0;0.003602882305844676;0.0
70;0.012708896227359151;0.0;0.0;0.987291103772641
70;0.0;0.987291103772641;0.0;0.012708896227359151
70;0.0012008405884118883;0.0;0.9987991594115881;0.0
70;0.987291103772641;0.0;0.012708896227359151;0.0
70;0.0;0.9987991594115881;0.0;0.0012008405884118883
70;0.0;0.0023016111277894525;0.0;0.9976983888722106
70;0.0;0.011608125687981587;0.0;0.9883918743120185
70;0.0012008405884118883;0.0;0.9987991594115881;0.0
70;0.0;0.9988992294606225;0.0;0.0011007705393775644
70;0.0;0.9991994396077254;0.0;0.0008005603922745923
70;1.0;0.0;0.0;0.0
70;0.0;1.0;0.0;0.0
70;0.987291103772641;0.0;0.012708896227359151;0.0
70;0.012708896227359151;0.0;0.987291103772641;0.0
70;0.0;1.0;0.0;0.0
70;0.0;0.0012008405884118883;0.0;0.9987991594115881
70;0.0;0.0;1.0;0.0
70;0.9976983888722106;0.0;0.0023016111277894525;0.0
70;0.0;0.011508055638947263;0.0;0.9884919443610528
70;0.0;0.9988992294606225;0.0;0.0011007705393775644
70;0.9976983888722106;0.0;0.0023016111277894525;0.0
71;0.010506303782269362;0.0;0.0;0.9894936962177305
71;0.0;0.9894936962177305;0.0;0.010506303782269362
71;0.007704622773664198;0.0;0.9922953772263358;0.0
71;0.9894936962177305;0.0;0.010506303782269362;0.0
71;0.0;0.9922953772263358;0.0;0.007704622773664198
71;0.0;0.009505703422053232;0.0;0.9904942965779467
71;0.0;0.008705223133880327;0.0;0.9912947768661197
71;0.007704622773664198;0.0;0.9922953772263358;0.0
71;0.0;0.998198919351611;0.0;0.0018010806483890333
71;0.0;1.0;0.0;0.0
71;1.0;0.0;0.0;0.0
71;0.0;1.0;0.0;0.0
71;0.9848909345607364;0.0;0.015109065439263557;0.0
71;0.04022413448068841;0.0;0.9597758655193116;0.0
71;0.0;1.0;0.0;0.0
71;0.0;0.007704622773664198;0.0;0.9922953772263358
71;0.0;0.0;1.0;0.0
71;0.9904942965779467;0.0;0.009505703422053232;0.0
71;0.0;0.002801681008605163;0.0;0.9971983189913948
71;0.0;0.998198919351611;0.0;0.0018010806483890333
71;0.9904942965779467;0.0;0.009505703422053232;0.0
72;0.1703192234564195;0.0;0.0;0.8296807765435805
72;0.0;0.8296807765435805;0.0;0.1703192234564195
72;0.04943460422295607;0.0;0.9505653957770439;0.0
72;0.8296807765435805;0.0;0.1703192234564195;0.0
72;0.0;0.9505653957770439;0.0;0.04943460422295607
72;0.0;0.1294906434504153;0.0;0.8705093565495846
72;0.0;0.09026318422896028;0.0;0.9097368157710397
72;0.04943460422295607;0.0;0.9505653957770439;0.0
72;0.0;0.9199439607725407;0.0;0.08005603922745923
72;0.0;1.0;0.0;0.0
72;1.0;0.0;0.0;0.0
72;0.0;1.0;0.0;0.0
72;0.5270689482637846;0.0;0.4729310517362154;0.0
72;0.5571900330231163;0.0;0.44280996697688385;0.0
72;0.0;1.0;0.0;0.0
72;0.0;0.04943460422295607;0.0;0.9505653957770439
72;0.0;0.0;1.0;0.0
72;0.8705093565495846;0.0;0.1294906434504153;0.0
72;0.0;0.12088461923346343;0.0;0.8791153807665365
72;0.0;0.9199439607725407;0.0;0.08005603922745923
72;0.8705093565495846;0.0;0.1294906434504153;0.0
76;0.004303012108475933;0.0;0.0;0.995696987891524
76;0.0;0.995696987891524;0.0;0.004303012108475933
76;0.0019013309316521566;0.0;0.9980986690683479;0.0
76;0.995696987891524;0.0;0.004303012108475933;0.0
76;0.0;0.9980986690683479;0.0;0.0019013309316521566
76;0.0;0.003202241569098369;0.0;0.9967977584309017
76;0.0;0.003002101471029721;0.0;0.9969978985289702
76;0.0019013309316521566;0.0;0.9980986690683479;0.0
76;0.0;0.9986990893625538;0.0;0.0013009106374462123
76;0.0;0.9995997198038628;0.0;0.00040028019613729617
76;1.0;0.0;0.0;0.0
76;0.0;1.0;0.0;0.0
76;0.995696987891524;0.0;0.004303012108475933;0.0
76;0.004303012108475933;0.0;0.995696987891524;0.0
76;0.0;1.0;0.0;0.0
76;0.0;0.0019013309316521566;0.0;0.9980986690683479
76;0.0;0.0;1.0;0.0
76;0.9967977584309017;0.0;0.003202241569098369;0.0
76;0.0;0.002401681176823777;0.0;0.9975983188231763
76;0.0;0.9986990893625538;0.0;0.0013009106374462123
76;0.9967977584309017;0.0;0.003202241569098369;0.0
77;0.9548548548548549;0.0;0.0;0.045145145145145144
77;0.0;0.045145145145145144;0.0;0.9548548548548549
77;0.8662662662662663;0.0;0.13373373373373373;0.0
77;0.045145145145145144;0.0;0.9548548548548549;0.0
77;0.0;0.13373373373373373;0.0;0.8662662662662663
77;0.0;0.906006006006006;0.0;0.093993993993994
77;0.0;0.9151151151151151;0.0;0.0848848848848849
77;0.8662662662662663;0.0;0.13373373373373373;0.0
77;0.0;0.9602602602602603;0.0;0.039739739739739745
77;0.0;0.997897897897898;0.0;0.002102102102102102
77;1.0;0.0;0.0;0.0
77;0.0;1.0;0.0;0.0
77;0.050450450450450456;0.0;0.9495495495495495;0.0
77;0.9637637637637638;0.0;0.03623623623623624;0.0
77;0.0;1.0;0.0;0.0
77;0.0;0.8662662662662663;0.0;0.13373373373373373
77;0.0;0.0;1.0;0.0
77;0.093993993993994;0.0;0.906006006006006;0.0
77;0.0;0.0885885885885886;0.0;0.9114114114114115
77;0.0;0.9602602602602603;0.0;0.039739739739739745
77;0.093993993993994;0.0;0.906006006006006;0.0
78;0.8574574574574574;0.0;0.0;0.14254254254254253
78;0.0;0.14254254254254253;0.0;0.8574574574574574
78;0.25745745745745746;0.0;0.7425425425425426;0.0
78;0.14254254254254253;0.0;0.8574574574574574;0.0
78;0.0;0.7425425425425426;0.0;0.25745745745745746
78;0.0;0.7565565565565566;0.0;0.24344344344344343
78;0.0;0.35835835835835833;0.0;0.6416416416416416
78;0.25745745745745746;0.0;0.7425425425425426;0.0
78;0.0;0.5009009009009009;0.0;0.49909909909909916
78;0.0;0.9523523523523523;0.0;0.04764764764764765
78;1.0;0.0;0.0;0.0
78;0.0;1.0;0.0;0.0
78;0.4356356356356357;0.0;0.5643643643643643;0.0
78;0.8574574574574574;0.0;0.14254254254254253;0.0
78;0.0;1.0;0.0;0.0
78;0.0;0.25745745745745746;0.0;0.7425425425425426
78;0.0;0.0;1.0;0.0
78;0.24344344344344343;0.0;0.7565565565565566;0.0
78;0.0;0.6;0.0;0.39999999999999997
78;0.0;0.5009009009009009;0.0;0.49909909909909916
78;0.24344344344344343;0.0;0.7565565565565566;0.0
79;0.5042126379137413;0.0;0.0;0.4957873620862588
79;0.0;0.4957873620862588;0.0;0.5042126379137413
79;0.1879638916750251;0.0;0.8120361083249749;0.0
79;0.4957873620862588;0.0;0.5042126379137413;0.0
79;0.0;0.8120361083249749;0.0;0.1879638916750251
79;0.0;0.39879638916750254;0.0;0.6012036108324975
79;0.0;0.2933801404212638;0.0;0.7066198595787362
79;0.1879638916750251;0.0;0.8120361083249749;0.0
79;0.0;0.7891675025075227;0.0;0.21083249749247746
79;0.0;0.925075225677031;0.0;0.07492477432296892
79;1.0;0.0;0.0;0.0
79;0.0;1.0;0.0;0.0
79;0.6396188565697092;0.0;0.36038114343029093;0.0
79;0.5042126379137413;0.0;0.4957873620862588;0.0
79;0.0;1.0;0.0;0.0
79;0.0;0.1879638916750251;0.0;0.8120361083249749
79;0.0;0.0;1.0;0.0
79;0.6012036108324975;0.0;0.39879638916750254;0.0
79;0.0;0.3162487462387162;0.0;0.6837512537612839
79;0.0;0.7891675025075227;0.0;0.21083249749247746
79;0.6012036108324975;0.0;0.39879638916750254;0.0
80;0.005004003202562049;0.0;0.0;0.994995996797438
80;0.0;0.994995996797438;0.0;0.005004003202562049
80;0.0021016813450760604;0.0;0.997898318654924;0.0
80;0.994995996797438;0.0;0.005004003202562049;0.0
80;0.0;0.997898318654924;0.0;0.0021016813450760604
80;0.0;0.0030024019215372294;0.0;0.9969975980784628
80;0.0;0.00410328262610088;0.0;0.9958967173738992
80;0.0021016813450760604;0.0;0.997898318654924;0.0
80;0.0;0.9990992794235388;0.0;0.0009007205764611689
80;0.0;1.0;0.0;0.0
80;1.0;0.0;0.0;0.0
80;0.0;1.0;0.0;0.0
80;0.9862890312249799;0.0;0.013710968775020014;0.0
80;0.013710968775020014;0.0;0.9862890312249799;0.0
80;0.0;1.0;0.0;0.0
80;0.0;0.0021016813450760604;0.0;0.997898318654924
80;0.0;0.0;1.0;0.0
80;0.9969975980784628;0.0;0.0030024019215372294;0.0
80;0.0;0.0029023218574859883;0.0;0.997097678142514
80;0.0;0.9990992794235388;0.0;0.0009007205764611689
80;0.9969975980784628;0.0;0.0030024019215372294;0.0
81;0.896703737100491;0.0;0.0;0.10329626289950906
81;0.0;0.10329626289950906;0.0;0.896703737100491
81;0.015329125338142471;0.0;0.9846708746618575;0.0
81;0.10329626289950906;0.0;0.896703737100491;0.0
81;0.0;0.9846708746618575;0.0;0.015329125338142471
81;0.0;0.09267608456066527;0.0;0.9073239154393348
81;0.0;0.8193567778779682;0.0;0.18064322212203188
81;0.015329125338142471;0.0;0.9846708746618575;0.0
81;0.0;0.9226530407774772;0.0;0.07734695922252281
81;0.0;0.9957920048091374;0.0;0.004207995190862639
81;1.0;0.0;0.0;0.0
81;0.0;1.0;0.0;0.0
81;0.13104899308686505;0.0;0.868951006913135;0.0
81;0.9096282937581405;0.0;0.09037170624185953;0.0
81;0.0;1.0;0.0;0.0
81;0.0;0.015329125338142471;0.0;0.9846708746618575
81;0.0;0.0;1.0;0.0
81;0.9073239154393348;0.0;0.09267608456066527;0.0
81;0.0;0.8813746117623485;0.0;0.11862538823765154
81;0.0;0.9226530407774772;0.0;0.07734695922252281
81;0.9073239154393348;0.0;0.09267608456066527;0.0
83;0.1513968158606188;0.0;0.0;0.8486031841393812
83;0.0;0.8486031841393812;0.0;0.1513968158606188
83;0.027736056873936113;0.0;0.9722639431260639;0.0
83;0.8486031841393812;0.0;0.1513968158606188;0.0
83;0.0;0.9722639431260639;0.0;0.027736056873936113
83;0.0;0.13968158606188044;0.0;0.8603184139381196
83;0.0;0.03945128667267447;0.0;0.9605487133273255
83;0.027736056873936113;0.0;0.9722639431260639;0.0
83;0.0;0.8880544708120557;0.0;0.11194552918794433
83;0.0;0.21217582857715028;0.0;0.7878241714228497
83;1.0;0.0;0.0;0.0
83;0.0;1.0;0.0;0.0
83;0.8866526484429759;0.0;0.11334735155702412;0.0
83;0.1620106137979373;0.0;0.8379893862020626;0.0
83;0.0;1.0;0.0;0.0
83;0.0;0.027736056873936113;0.0;0.9722639431260639
83;0.0;0.0;1.0;0.0
83;0.8603184139381196;0.0;0.13968158606188044;0.0
83;0.0;0.12366075898668266;0.0;0.8763392410133173
83;0.0;0.8880544708120557;0.0;0.11194552918794433
83;0.8603184139381196;0.0;0.13968158606188044;0.0
84;0.3720044119121628;0.0;0.0;0.6279955880878372
84;0.0;0.6279955880878372;0.0;0.3720044119121628
84;0.16013235736488518;0.0;0.8398676426351148;0.0
84;0.6279955880878372;0.0;0.3720044119121628;0.0
84;0.0;0.8398676426351148;0.0;0.16013235736488518
84;0.0;0.34463050235636217;0.0;0.6553694976436378
84;0.0;0.18750626692068584;0.0;0.8124937330793143
84;0.16013235736488518;0.0;0.8398676426351148;0.0
84;0.0;0.8155018550085231;0.0;0.18449814499147696
84;0.0;0.965105785621177;0.0;0.03489421437882281
84;1.0;0.0;0.0;0.0
84;0.0;1.0;0.0;0.0
84;0.6324075002506767;0.0;0.3675924997493231;0.0
84;0.4028877970520405;0.0;0.5971122029479594;0.0
84;0.0;1.0;0.0;0.0
84;0.0;0.16013235736488518;0.0;0.8398676426351148
84;0.0;0.0;1.0;0.0
84;0.6553694976436378;0.0;0.34463050235636217;0.0
84;0.0;0.21187205454727762;0.0;0.7881279454527224
84;0.0;0.8155018550085231;0.0;0.18449814499147696
84;0.6553694976436378;0.0;0.34463050235636217;0.0
85;0.07592907943503957;0.0;0.0;0.9240709205649604
85;0.0;0.9240709205649604;0.0;0.07592907943503957
85;0.05299008314134028;0.0;0.9470099168586597;0.0
85;0.9240709205649604;0.0;0.07592907943503957;0.0
85;0.0;0.9470099168586597;0.0;0.05299008314134028
85;0.0;0.06130421716918762;0.0;0.9386957828308123
85;0.0;0.06761494540719223;0.0;0.9323850545928077
85;0.05299008314134028;0.0;0.9470099168586597;0.0
85;0.0;0.9916858659721527;0.0;0.008314134027847342
85;0.0;0.9906841630772312;0.0;0.009315836922768706
85;1.0;0.0;0.0;0.0
85;0.0;1.0;0.0;0.0
85;0.9240709205649604;0.0;0.07592907943503957;0.0
85;0.07592907943503957;0.0;0.9240709205649604;0.0
85;0.0;1.0;0.0;0.0
85;0.0;0.05299008314134028;0.0;0.9470099168586597
85;0.0;0.0;1.0;0.0
85;0.9386957828308123;0.0;0.06130421716918762;0.0
85;0.0;0.02293899629369929;0.0;0.9770610037063008
85;0.0;0.9916858659721527;0.0;0.008314134027847342
85;0.9386957828308123;0.0;0.06130421716918762;0.0
86;0.5374962353177392;0.0;0.0;0.46250376468226084
86;0.0;0.46250376468226084;0.0;0.5374962353177392
86;0.20309205903021785;0.0;0.7969079409697821;0.0
86;0.46250376468226084;0.0;0.5374962353177392;0.0
86;0.0;0.7969079409697821;0.0;0.20309205903021785
86;0.0;0.4413211524947294;0.0;0.5586788475052705
86;0.0;0.2992671418532276;0.0;0.7007328581467723
86;0.20309205903021785;0.0;0.7969079409697821;0.0
86;0.0;0.7617709065354884;0.0;0.23822909346451157
86;0.0;0.9663688384700332;0.0;0.033631161529966876
86;1.0;0.0;0.0;0.0
86;0.0;1.0;0.0;0.0
86;0.5407087641803031;0.0;0.45929123581969683;0.0
86;0.5374962353177392;0.0;0.46250376468226084;0.0
86;0.0;1.0;0.0;0.0
86;0.0;0.20309205903021785;0.0;0.7969079409697821
86;0.0;0.0;1.0;0.0
86;0.5586788475052705;0.0;0.4413211524947294;0.0
86;0.0;0.3344041762875213;0.0;0.6655958237124787
86;0.0;0.7617709065354884;0.0;0.23822909346451157
86;0.5586788475052705;0.0;0.4413211524947294;0.0
87;0.15747322054259685;0.0;0.0;0.8425267794574032
87;0.0;0.8425267794574032;0.0;0.15747322054259685
87;0.06527179897887676;0.0;0.9347282010211232;0.0
87;0.8425267794574032;0.0;0.15747322054259685;0.0
87;0.0;0.9347282010211232;0.0;0.06527179897887676
87;0.0;0.14986485133647012;0.0;0.8501351486635299
87;0.0;0.0728801681850035;0.0;0.9271198318149965
87;0.06527179897887676;0.0;0.9347282010211232;0.0
87;0.0;0.9154069476424067;0.0;0.08459305235759336
87;0.0;1.0;0.0;0.0
87;1.0;0.0;0.0;0.0
87;0.0;1.0;0.0;0.0
87;0.9126038642506757;0.0;0.08739613574932424;0.0
87;0.15747322054259685;0.0;0.8425267794574032;0.0
87;0.0;1.0;0.0;0.0
87;0.0;0.06527179897887676;0.0;0.9347282010211232
87;0.0;0.0;1.0;0.0
87;0.8501351486635299;0.0;0.14986485133647012;0.0
87;0.0;0.0922014215637201;0.0;0.90779857843628
87;0.0;0.9154069476424067;0.0;0.08459305235759336
87;0.8501351486635299;0.0;0.14986485133647012;0.0
90;0.09248323491142026;0.0;0.0;0.9075167650885796
90;0.0;0.9075167650885796;0.0;0.09248323491142026
90;0.006605945350815733;0.0;0.9933940546491842;0.0
90;0.9075167650885796;0.0;0.09248323491142026;0.0
90;0.0;0.9933940546491842;0.0;0.006605945350815733
90;0.0;0.00920828745871284;0.0;0.990791712541287
90;0.0;0.08988089280352314;0.0;0.9101191071964767
90;0.006605945350815733;0.0;0.9933940546491842;0.0
90;0.0;0.9973976578921028;0.0;0.0026023421078971067
90;0.0;1.0;0.0;0.0
90;1.0;0.0;0.0;0.0
90;0.0;1.0;0.0;0.0
90;0.8692823541187067;0.0;0.13071764588129314;0.0
90;0.38634771294164744;0.0;0.6136522870583524;0.0
90;0.0;1.0;0.0;0.0
90;0.0;0.006605945350815733;0.0;0.9933940546491842
90;0.0;0.0;1.0;0.0
90;0.990791712541287;0.0;0.00920828745871284;0.0
90;0.0;0.08587728956060453;0.0;0.9141227104393954
90;0.0;0.9973976578921028;0.0;0.0026023421078971067
90;0.990791712541287;0.0;0.00920828745871284;0.0
91;0.940463065049614;0.0;0.0;0.05953693495038588
91;0.0;0.05953693495038588;0.0;0.940463065049614
91;0.5861481407236644;0.0;0.41385185927633555;0.0
91;0.05953693495038588;0.0;0.940463065049614;0.0
91;0.0;0.41385185927633555;0.0;0.5861481407236644
91;0.0;0.6120076175202966;0.0;0.3879923824797033
91;0.0;0.9146035882529818;0.0;0.08539641174701813
91;0.5861481407236644;0.0;0.41385185927633555;0.0
91;0.0;0.9741405232033677;0.0;0.025859476796632253
91;0.0;0.9978951588653904;0.0;0.0021048411346096018
91;1.0;0.0;0.0;0.0
91;0.0;1.0;0.0;0.0
91;0.07968327152450635;0.0;0.9203167284754935;0.0
91;0.940463065049614;0.0;0.05953693495038588;0.0
91;0.0;1.0;0.0;0.0
91;0.0;0.5861481407236644;0.0;0.41385185927633555
91;0.0;0.0;1.0;0.0
91;0.3879923824797033;0.0;0.6120076175202966;0.0
91;0.0;0.35431492432594963;0.0;0.6456850756740503
91;0.0;0.9741405232033677;0.0;0.025859476796632253
91;0.3879923824797033;0.0;0.6120076175202966;0.0
92;0.9098278622898319;0.0;0.0;0.09017213771016813
92;0.0;0.09017213771016813;0.0;0.9098278622898319
92;0.7538030424339471;0.0;0.24619695756605284;0.0
92;0.09017213771016813;0.0;0.9098278622898319;0.0
92;0.0;0.24619695756605284;0.0;0.7538030424339471
92;0.0;0.7659127301841473;0.0;0.23408726981585268
92;0.0;0.8977181745396318;0.0;0.10228182546036829
92;0.7538030424339471;0.0;0.24619695756605284;0.0
92;0.0;0.9878903122497998;0.0;0.01210968775020016
92;0.0;1.0;0.0;0.0
92;1.0;0.0;0.0;0.0
92;0.0;1.0;0.0;0.0
92;0.10228182546036829;0.0;0.8977181745396318;0.0
92;0.9098278622898319;0.0;0.09017213771016813;0.0
92;0.0;1.0;0.0;0.0
92;0.0;0.7538030424339471;0.0;0.24619695756605284
92;0.0;0.0;1.0;0.0
92;0.23408726981585268;0.0;0.7659127301841473;0.0
92;0.0;0.15602481985588473;0.0;0.8439751801441152
92;0.0;0.9878903122497998;0.0;0.01210968775020016
92;0.23408726981585268;0.0;0.7659127301841473;0.0
93;0.9958983593437375;0.0;0.0;0.004101640656262505
93;0.0;0.004101640656262505;0.0;0.9958983593437375
93;0.9921968787515005;0.0;0.0078031212484993995;0.0
93;0.004101640656262505;0.0;0.9958983593437375;0.0
93;0.0;0.0078031212484993995;0.0;0.9921968787515005
93;0.0;0.9948979591836735;0.0;0.005102040816326531
93;0.0;0.9931972789115646;0.0;0.006802721088435375
93;0.9921968787515005;0.0;0.0078031212484993995;0.0
93;0.0;0.9972989195678271;0.0;0.002701080432172869
93;0.0;0.9991996798719488;0.0;0.0008003201280512205
93;1.0;0.0;0.0;0.0
93;0.0;1.0;0.0;0.0
93;0.0021008403361344537;0.0;0.9978991596638656;0.0
93;0.9979991996798719;0.0;0.0020008003201280513;0.0
93;0.0;1.0;0.0;0.0
93;0.0;0.9921968787515005;0.0;0.0078031212484993995
93;0.0;0.0;1.0;0.0
93;0.005102040816326531;0.0;0.9948979591836735;0.0
93;0.0;0.003701480592236894;0.0;0.996298519407763
93;0.0;0.9972989195678271;0.0;0.002701080432172869
93;0.005102040816326531;0.0;0.9948979591836735;0.0
94;0.109343737494998;0.0;0.0;0.890656262505002
94;0.0;0.890656262505002;0.0;0.109343737494998
94;0.027911164465786314;0.0;0.9720888355342137;0.0
94;0.890656262505002;0.0;0.109343737494998;0.0
94;0.0;0.9720888355342137;0.0;0.027911164465786314
94;0.0;0.04971988795518207;0.0;0.9502801120448179
94;0.0;0.08753501400560224;0.0;0.9124649859943977
94;0.027911164465786314;0.0;0.9720888355342137;0.0
94;0.0;0.9781912765106042;0.0;0.02180872348939576
94;0.0;0.9966986794717887;0.0;0.0033013205282112846
94;1.0;0.0;0.0;0.0
94;0.0;1.0;0.0;0.0
94;0.9124649859943977;0.0;0.08753501400560224;0.0
94;0.109343737494998;0.0;0.890656262505002;0.0
94;0.0;1.0;0.0;0.0
94;0.0;0.027911164465786314;0.0;0.9720888355342137
94;0.0;0.0;1.0;0.0
94;0.9502801120448179;0.0;0.04971988795518207;0.0
94;0.0;0.08143257302921168;0.0;0.9185674269707883
94;0.0;0.9781912765106042;0.0;0.02180872348939576
94;0.9502801120448179;0.0;0.04971988795518207;0.0
95;0.9946957566052843;0.0;0.0;0.005304243394715772
95;0.0;0.005304243394715772;0.0;0.9946957566052843
95;0.9928943154523618;0.0;0.007105684547638111;0.0
95;0.005304243394715772;0.0;0.9946957566052843;0.0
95;0.0;0.007105684547638111;0.0;0.9928943154523618
95;0.0;0.9946957566052843;0.0;0.005304243394715772
95;0.0;0.9928943154523618;0.0;0.007105684547638111
95;0.9928943154523618;0.0;0.007105684547638111;0.0
95;0.0;0.9981985588470776;0.0;0.001801441152922338
95;0.0;1.0;0.0;0.0
95;1.0;0.0;0.0;0.0
95;0.0;1.0;0.0;0.0
95;0.004603682946357086;0.0;0.9953963170536428;0.0
95;0.9969975980784628;0.0;0.00300240192153723;0.0
95;0.0;1.0;0.0;0.0
95;0.0;0.9928943154523618;0.0;0.007105684547638111
95;0.0;0.0;1.0;0.0
95;0.005304243394715772;0.0;0.9946957566052843;0.0
95;0.0;0.001801441152922338;0.0;0.9981985588470776
95;0.0;0.9981985588470776;0.0;0.001801441152922338
95;0.005304243394715772;0.0;0.9946957566052843;0.0
96;0.004201260378113434;0.0;0.0;0.9957987396218866
96;0.0;0.9957987396218866;0.0;0.004201260378113434
96;0.002100630189056717;0.0;0.9978993698109433;0.0
96;0.9957987396218866;0.0;0.004201260378113434;0.0
96;0.0;0.9978993698109433;0.0;0.002100630189056717
96;0.0;0.0033009902970891265;0.0;0.9966990097029109
96;0.0;0.0030009002700810243;0.0;0.996999099729919
96;0.002100630189056717;0.0;0.9978993698109433;0.0
96;0.0;0.9987996398919676;0.0;0.0012003601080324095
96;0.0;0.999699909972992;0.0;0.0003000900270081024
96;1.0;0.0;0.0;0.0
96;0.0;1.0;0.0;0.0
96;0.9846954086225868;0.0;0.015304591377413223;0.0
96;0.998999699909973;0.0;0.0010003000900270082;0.0
96;0.0;1.0;0.0;0.0
96;0.0;0.002100630189056717;0.0;0.9978993698109433
96;0.0;0.0;1.0;0.0
96;0.9966990097029109;0.0;0.0033009902970891265;0.0
96;0.0;0.002100630189056717;0.0;0.9978993698109433
96;0.0;0.9987996398919676;0.0;0.0012003601080324095
96;0.9966990097029109;0.0;0.0033009902970891265;0.0
97;0.006105494945450905;0.0;0.0;0.9938945050545491
97;0.0;0.9938945050545491;0.0;0.006105494945450905
97;0.004003603242918627;0.0;0.9959963967570814;0.0
97;0.9938945050545491;0.0;0.006105494945450905;0.0
97;0.0;0.9959963967570814;0.0;0.004003603242918627
97;0.0;0.005204684215794214;0.0;0.9947953157842058
97;0.0;0.004904413972575317;0.0;0.9950955860274247
97;0.004003603242918627;0.0;0.9959963967570814;0.0
97;0.0;0.9987989190271245;0.0;0.0012010809728755878
97;0.0;1.0;0.0;0.0
97;1.0;0.0;0.0;0.0
97;0.0;1.0;0.0;0.0
97;0.9848863977579821;0.0;0.015113602242017814;0.0
97;0.9983985587028325;0.0;0.0016014412971674507;0.0
97;0.0;1.0;0.0;0.0
97;0.0;0.004003603242918627;0.0;0.9959963967570814
97;0.0;0.0;1.0;0.0
97;0.9947953157842058;0.0;0.005204684215794214;0.0
97;0.0;0.0021018917025322787;0.0;0.9978981082974677
97;0.0;0.9987989190271245;0.0;0.0012010809728755878
97;0.9947953157842058;0.0;0.005204684215794214;0.0
98;0.9950975487743872;0.0;0.0;0.004902451225612806
98;0.0;0.004902451225612806;0.0;0.9950975487743872
98;0.9930965482741371;0.0;0.006903451725862931;0.0
98;0.004902451225612806;0.0;0.9950975487743872;0.0
98;0.0;0.006903451725862931;0.0;0.9930965482741371
98;0.0;0.9950975487743872;0.0;0.004902451225612806
98;0.0;0.9930965482741371;0.0;0.006903451725862931
98;0.9930965482741371;0.0;0.006903451725862931;0.0
98;0.0;0.9979989994997499;0.0;0.002001000500250125
98;0.0;0.9988994497248624;0.0;0.0011005502751375688
98;1.0;0.0;0.0;0.0
98;0.0;1.0;0.0;0.0
98;0.0028014007003501753;0.0;0.9971985992996498;0.0
98;0.99879939969985;0.0;0.0012006003001500752;0.0
98;0.0;1.0;0.0;0.0
98;0.0;0.9930965482741371;0.0;0.006903451725862931
98;0.0;0.0;1.0;0.0
98;0.004902451225612806;0.0;0.9950975487743872;0.0
98;0.0;0.002001000500250125;0.0;0.9979989994997499
98;0.0;0.9979989994997499;0.0;0.002001000500250125
98;0.004902451225612806;0.0;0.9950975487743872;0.0
99;0.6248499399759904;0.0;0.0;0.3751500600240096
99;0.0;0.3751500600240096;0.0;0.6248499399759904
99;0.5099039615846339;0.0;0.49009603841536614;0.0
99;0.3751500600240096;0.0;0.6248499399759904;0.0
99;0.0;0.49009603841536614;0.0;0.5099039615846339
99;0.0;0.5118047218887556;0.0;0.48819527811124447
99;0.0;0.6229491796718688;0.0;0.37705082032813125
99;0.5099039615846339;0.0;0.49009603841536614;0.0
99;0.0;0.9980992396958783;0.0;0.0019007603041216485
99;0.0;1.0;0.0;0.0
99;1.0;0.0;0.0;0.0
99;0.0;1.0;0.0;0.0
99;0.37705082032813125;0.0;0.6229491796718688;0.0
99;0.9852941176470589;0.0;0.014705882352941175;0.0
99;0.0;1.0;0.0;0.0
99;0.0;0.5099039615846339;0.0;0.49009603841536614
99;0.0;0.0;1.0;0.0
99;0.48819527811124447;0.0;0.5118047218887556;0.0
99;0.0;0.11494597839135653;0.0;0.8850540216086434
99;0.0;0.9980992396958783;0.0;0.0019007603041216485
99;0.48819527811124447;0.0;0.5118047218887556;0.0
SB;0.3768768768768768;0.0;0.0;0.6231231231231231
SB;0.0;0.6231231231231231;0.0;0.3768768768768768
SB;0.0011011011011011012;0.0;0.9988988988988989;0.0
SB;0.6231231231231231;0.0;0.3768768768768768;0.0
SB;0.0;0.9988988988988989;0.0;0.0011011011011011012
SB;0.0;0.17497497497497497;0.0;0.8250250250250251
SB;0.0;0.20300300300300297;0.0;0.796996996996997
SB;0.0011011011011011012;0.0;0.9988988988988989;0.0
SB;0.0;0.8261261261261261;0.0;0.17387387387387387
SB;0.0;0.9993993993993995;0.0;0.0006006006006006006
SB;1.0;0.0;0.0;0.0
SB;0.0;1.0;0.0;0.0
SB;0.727827827827828;0.0;0.27217217217217216;0.0
SB;0.3768768768768768;0.0;0.6231231231231231;0.0
SB;0.0;1.0;0.0;0.0
SB;0.0;0.0011011011011011012;0.0;0.9988988988988989
SB;0.0;0.0;1.0;0.0
SB;0.8250250250250251;0.0;0.17497497497497497;0.0
SB;0.0;0.37577577577577576;0.0;0.6242242242242243
SB;0.0;0.8261261261261261;0.0;0.17387387387387387
SB;0.8250250250250251;0.0;0.17497497497497497;0.0
SU;0.9918894562931811;0.0;0.0;0.008110543706818863
SU;0.0;0.008110543706818863;0.0;0.9918894562931811
SU;0.0007009111845399018;0.0;0.99929908881546;0.0
SU;0.008110543706818863;0.0;0.9918894562931811;0.0
SU;0.0;0.99929908881546;0.0;0.0007009111845399018
SU;0.0;0.5235806548513067;0.0;0.4764193451486933
SU;0.0;0.46900971262641433;0.0;0.5309902873735857
SU;0.0007009111845399018;0.0;0.99929908881546;0.0
SU;0.0;0.4771202563332332;0.0;0.5228797436667668
SU;0.0;1.0;0.0;0.0
SU;1.0;0.0;0.0;0.0
SU;0.0;1.0;0.0;0.0
SU;0.5309902873735857;0.0;0.46900971262641433;0.0
SU;0.9918894562931811;0.0;0.008110543706818863;0.0
SU;0.0;1.0;0.0;0.0
SU;0.0;0.0007009111845399018;0.0;0.99929908881546
SU;0.0;0.0;1.0;0.0
SU;0.4764193451486933;0.0;0.5235806548513067;0.0
SU;0.0;0.9911885451086412;0.0;0.008811454891358764
SU;0.0;0.4771202563332332;0.0;0.5228797436667668
SU;0.4764193451486933;0.0;0.5235806548513067;0.0